Term,Date,ClicksPerMonth,CostPerClick,Coverage,MonthsInUse,Position,Title,Body,Url
water filter,20260801,17600,1.34,0.25,3 out of 12,2,Free Install. No Call Out Fee - Call Clean & Clear Water Today,"""The water is fantastic and it is hard to go back to tap or bottled water."" - Marina, NSW. Neat, Compact & Affordable Water Filters. Get the Best Product ...",https://www.cleanandclearwater.com.au/
water filter,20260701,17600,1.34,0.25,3 out of 12,2,Clean & Clear Water Filters | Sydney's Best Value Range,"Quality & Value Second to None! Free Installation, Free Designer Tap, and a Free Cooler!\* ""I can’t believe the difference in taste of my tea & coffee, best investment...",https://www.cleanandclearwater.com.au/
water filter,20260901,17600,1.34,0.25,3 out of 12,2,Clean & Clear Water Filters - Free Install. No Call Out Fee,"""The water is fantastic and it is hard to go back to tap or bottled water."" - Marina...",https://www.cleanandclearwater.com.au/
water filtration system,20251201,5200,2.76,0.4166666666666667,5 out of 12,3,Water Filtration Systems - Free Install. No Call Out Fee,We Have the Perfect Water Filtration System for Your Needs! Best Price Guaranteed. Call Us. Neat...\n[Whole Home Water Filters](#) · [Free Installation](#) · [30+ Yrs Experience](#) · [No Call Out Fee](#) · [Contact Us Now](#) · [Prompt Melbourne Service](#),https://www.cleanandclearwater.com.au/
water filtration system,20260601,5200,2.76,0.4166666666666667,5 out of 12,2,Water Filtration Systems - Free Install. No Call Out Fee,"We Have the Perfect Water Filtration System for Your Needs! Best Price Guaranteed. Call Us. Neat, Compact & Affordable Water Filters. Perfect for your Home or Office. Contact Us Now! Built to Last. 30+ Years Experience. Fast, Friendly Service.",https://www.cleanandclearwater.com.au/
water filtration system,20260501,5200,2.76,0.4166666666666667,5 out of 12,3,Water Filtration Systems - Free Install. No Call Out Fee,We Have the Perfect Water Filtration System for Your Needs! Best Price Guaranteed. Call Us,https://www.cleanandclearwater.com.au/
water filtration system,20260701,5200,2.76,0.4166666666666667,5 out of 12,3,Water Filtration Systems | Free Install. No Call Out Fee,We Have the Perfect Water Filtration System for Your Needs! Best Price Guaranteed. Call Us. Neat...,https://www.cleanandclearwater.com.au/
water filtration system,20260101,5200,2.76,0.4166666666666667,5 out of 12,3,Clean and Clear Water,Free Install. No Call Out Fee — We Have the Perfect Water Filtration System for Your Needs! Best...,http://www.cleanandclearwater.com.au/
whole house water filter,20251201,6400,1.73,0.3333333333333333,4 out of 12,3,Whole House Water Filters - Free Install. No Call Out Fee - Call Clean & Clear Water Today,"We Have the Perfect Water Filtration System for Your Needs! Best Price Guaranteed. Call Us. Neat, Compact & Affordable Water Filters. Perfect for your Home or Office. Contact Us Now! Built to Last. 30+ Years Experience. Fast Melbourne Service. Best Prices Guaranteed. Fast, Friendly Service. Types: Undersink Water Filters, Twin Undersink, Triple Undersink, Reverse Osmosis, Water Coolers.",https://www.cleanandclearwater.com.au/
whole house water filter,20260601,6400,1.73,0.3333333333333333,4 out of 12,2,Whole Home Water Filter Sydney | Free Install. No Call Out Fee,"“I can’t believe the difference in taste of my tea & coffee, best investment ever.” ...",https://www.cleanandclearwater.com.au/whole-house-filtration-system/
whole house water filter,20260701,6400,1.73,0.3333333333333333,4 out of 12,2,Sydney's #1 Whole Home Filter,"Free Install. No Call Out Fee — “I can’t believe the difference in taste of my tea & coffee, best investment ever.” - Marg. Neat...",https://www.cleanandclearwater.com.au/whole-house-filtration-system/
whole house water filter,20260301,6400,1.73,0.3333333333333333,4 out of 12,2,Sydney's #1 Whole Home Filter - Free Install. No Call Out Fee,"Neat, Compact & Affordable Water Filters. Get the Best Product @ the Best Price — Call Us! “Was...",https://www.cleanandclearwater.com.au/whole-house-filtration-system/
water purifier,20260701,5200,1.48,0.16666666666666666,2 out of 12,2,Water Purifiers Sydney | Free Install. No Call Out Fee,"We Have the Perfect Water Filtration System for Your Needs! Best Price Guaranteed. Call Us. Neat, Compact & Affordable Water Filters. Perfect for your Home or Office. Contact Us Now! Built to Last. 30+ Years Experience. Fast, Friendly Service. Fast Sydney Service.\n[No Call Out Fee](#) · [Free Installation](#) · [Whole Home Water Filters](#) · [30+ Yrs Experience](#)",https://www.cleanandclearwater.com.au/
water purifier,20260801,5200,1.48,0.16666666666666666,2 out of 12,2,Water Purifiers Sydney,"Sydney's Water Filter Experts — Neat, Compact & Affordable Water Filters. Get the Best Product @ the Best Price — Call Us! ""I...\n[No Call Out Fee](#) · [Free Installation](#) · [Contact Us Now](#) · [Whole Home Water Filters](#)",http://www.cleanandclearwater.com.au/
water filter system,20251201,3200,2.42,0.25,3 out of 12,4,Water Filter Systems Sydney - Free Install. No Call Out Fee,We Have the Perfect Water Filtration System for Your Needs! Best Price Guaranteed. Call Us. Neat...,https://www.cleanandclearwater.com.au/
water filter system,20260601,3200,2.42,0.25,3 out of 12,3,Water Filter Systems Sydney | Free Install. No Call Out Fee,We Have the Perfect Water Filtration System for Your Needs! Best Price Guaranteed. Call Us\n[Free Installation](#) · [No Call Out Fee](#) · [Whole Home Water Filters](#) · [30+ Yrs Experience](#) · [Prompt Sydney Service](#) · [Contact Us Now](#),https://www.cleanandclearwater.com.au/
water filter system,20260701,3200,2.42,0.25,3 out of 12,2,Water Filter Systems Sydney | Free Install. No Call Out Fee,We Have the Perfect Water Filtration System for Your Needs! Best Price Guaranteed. Call Us. Neat...,https://www.cleanandclearwater.com.au/
reverse osmosis water filter,20260601,5800,1.78,0.16666666666666666,2 out of 12,1,Reverse Osmosis Filters - Free Install. No Call Out Fee,"We Have the Perfect Water Filtration System for Your Needs! Best Price Guaranteed. Call Us. Neat, Compact & Affordable Water Filters. Perfect for your Home or Office. Contact Us Now! Built to Last. 30+ Years Experience. Fast Sydney Service.",https://www.cleanandclearwater.com.au/
reverse osmosis water filter,20260501,5800,1.78,0.16666666666666666,2 out of 12,3,Reverse Osmosis Filters - Sydney's Best Value Range,"Quality & Value Second to None! Free Installation, Free Designer Tap, and a Free Cooler!\* ""I can’t...",https://www.cleanandclearwater.com.au/
water filtration systems,20251201,1000,2.76,0.4166666666666667,5 out of 12,3,Water Filtration Systems - Free Install. No Call Out Fee,"We Have the Perfect Water Filtration System for Your Needs! Best Price Guaranteed. Call Us. Neat, Compact & Affordable Water Filters. Perfect for your Home or Office. Contact Us Now! Built to Last. 30+ Years Experience. Fast, Friendly Service. Fast Sydney Service.\n[Whole Home Water Filters](#) · [Free Installation](#) · [Contact Us Now](#) · [No Call Out Fee](#)",https://www.cleanandclearwater.com.au/
water filtration systems,20260601,1000,2.76,0.4166666666666667,5 out of 12,1,Whole Home Water Filter Sydney,"Free Install. No Call Out Fee — We Have the Perfect Water Filtration System for Your Needs! Best Price Guaranteed. Call Us. Neat, Compact & Affordable Water Filters. Get the Best Product @ the Best Price — Call Us! Built to Last.",https://www.cleanandclearwater.com.au/whole-house-filtration-system/
water filtration systems,20260501,1000,2.76,0.4166666666666667,5 out of 12,3,Water Filtration Systems - Free Install. No Call Out Fee,We Have the Perfect Water Filtration System for Your Needs! Best Price Guaranteed. Call Us,https://www.cleanandclearwater.com.au/
water filtration systems,20260701,1000,2.76,0.4166666666666667,5 out of 12,1,Water Filtration Systems | Free Install. No Call Out Fee,"We Have the Perfect Water Filtration System for Your Needs! Best Price Guaranteed. Call Us. Neat, Compact & Affordable Water Filters. Perfect for your Home or Office. Contact Us Now! Built to Last.\n[Whole Home Water Filters](#) · [Free Installation](#) · [No Call Out Fee](#) · [Contact Us Now](#)",https://www.cleanandclearwater.com.au/
water filtration systems,20260901,1000,2.76,0.4166666666666667,5 out of 12,2,Water Filtration Systems,"Free Install. No Call Out Fee — We Have the Perfect Water Filtration System for Your Needs! Best Price Guaranteed. Call Us. Neat, Compact & Affordable Water Filters. Perfect for your Home or Office. Contact Us Now! Built to Last.",http://www.cleanandclearwater.com.au/
home water filtration system,20251101,1400,2.01,0.4166666666666667,5 out of 12,3,Water Filtration Systems | Free Install. No Call Out Fee,We Have the Perfect Water Filtration System for Your Needs! Best Price Guaranteed. Call Us,https://www.cleanandclearwater.com.au/
home water filtration system,20260801,1400,2.01,0.4166666666666667,5 out of 12,3,Water Filtration Systems - Free Install. No Call Out Fee,We Have the Perfect Water Filtration System for Your Needs! Best Price Guaranteed. Call Us\n[Whole Home Water Filters](#) · [Free Installation](#) · [No Call Out Fee](#) · [Contact Us Now](#),https://www.cleanandclearwater.com.au/
home water filtration system,20260701,1400,2.01,0.4166666666666667,5 out of 12,1,Water Filtration Systems - Free Install. No Call Out Fee,We Have the Perfect Water Filtration System for Your Needs! Best Price Guaranteed. Call Us\n[Whole Home Water Filters](#) · [Free Installation](#) · [No Call Out Fee](#) · [30+ Yrs Experience](#),https://www.cleanandclearwater.com.au/
home water filtration system,20260101,1400,2.01,0.4166666666666667,5 out of 12,3,Water Filtration Systems - Free Install. No Call Out Fee,We Have the Perfect Water Filtration System for Your Needs! Best Price Guaranteed. Call Us,https://www.cleanandclearwater.com.au/
home water filtration system,20260301,1400,2.01,0.4166666666666667,5 out of 12,4,Water Filtration Systems | Free Install. No Call Out Fee,We Have the Perfect Water Filtration System for Your Needs! Best Price Guaranteed. Call Us,https://www.cleanandclearwater.com.au/
water filters,20260501,4200,1.5,0.16666666666666666,2 out of 12,3,Undersink Water Filters Sydney - Free Install. No Call Out Fee,"""I can’t believe the difference in taste of my tea & coffee, best investment ever."" - Marg. We Have...",https://www.cleanandclearwater.com.au/
water filters,20260301,4200,1.5,0.16666666666666666,2 out of 12,2,Undersink Water Filters Sydney | Free Install. No Call Out Fee,"Neat, Compact & Affordable Water Filters. Perfect for your Home or Office.\n[Whole Home Water Filters](#) · [Sydney's Best Value Range](#) · [Browse the Clean & Clear Range](#)",https://www.cleanandclearwater.com.au/
reverse osmosis system,20260501,4100,1.66,0.08333333333333333,1 out of 12,3,Reverse Osmosis Systems - Free Install. No Call Out Fee,We Have the Perfect Water Filtration System for Your Needs! Best Price Guaranteed. Call Us,https://www.cleanandclearwater.com.au/
whole house water filter system,20260601,630,1.73,0.3333333333333333,4 out of 12,1,Whole Home Water Filter Sydney | Free Install. No Call Out Fee,"“I can’t believe the difference in taste of my tea & coffee, best investment ever.” - Marg. We Have the Perfect Water Filtration System for Your Needs! Best Price Guaranteed. Call Us. Built to Last. Best Prices Guaranteed. 30+ Years Experience. Fast, Friendly Service. Fast Sydney Service.\n[Whole Home Water Filters](#) · [Sydney's Best Value Range](#) · [Free Installation](#) · [No Call Out Fee](#)",https://www.cleanandclearwater.com.au/whole-house-filtration-system/
whole house water filter system,20260701,630,1.73,0.3333333333333333,4 out of 12,2,Sydney's #1 Whole Home Filter - Free Install. No Call Out Fee,"Neat, Compact & Affordable Water Filters. Get the Best Product @ the Best Price — Call Us! “I can’t believe the difference in taste of my tea & coffee, best investment ever.” - Marg. Best Prices Guaranteed. Built to Last. 30+ Years...",https://www.cleanandclearwater.com.au/whole-house-filtration-system/
whole house water filter system,20260201,630,1.73,0.3333333333333333,4 out of 12,2,Sydney's #1 Whole Home Filter - Free Install. No Call Out Fee,"“I can’t believe the difference in taste of my tea & coffee, best investment ever.” - Marg. “Was impressed with the service, overall a fair price too. Well worth it” Annabelle. Best Prices Guaranteed. 30+ Years Experience. Built to Last. Fast...",https://www.cleanandclearwater.com.au/whole-house-filtration-system/
whole house water filter system,20260301,630,1.73,0.3333333333333333,4 out of 12,2,Sydney's #1 Whole Home Filter | Free Install. No Call Out Fee,"Neat, Compact & Affordable Water Filters. Get the Best Product @ the Best Price...",https://www.cleanandclearwater.com.au/whole-house-filtration-system/
water filter installation,20251201,65,5.14,0.6666666666666666,8 out of 12,1,Water Filter Installation - Free Install. No Call Out Fee - Call Clean & Clear Water Today,"We Have the Perfect Water Filtration System for Your Needs! Best Price Guaranteed. Call Us. Neat, Compact & Affordable Water Filters. Perfect for...\n[Free Installation](#) · [No Call Out Fee](#) · [Whole Home Water Filters](#) · [Contact Us Now](#) · [30+ Yrs Experience](#)",https://www.cleanandclearwater.com.au/
water filter installation,20221101,65,5.14,0.6666666666666666,8 out of 12,1,Water Filter Installation - Free Install. No Call Out Fee,"We Have the Perfect Water Filtration System for Your Needs! Best Price Guaranteed. Call Us. Neat, Compact \& Affordable Water Filters. Perfect for your Home or Office. Contact Us...  \n  \n‎[Contact Us Now](#) · ‎[Free Installation](#) · ‎[Prompt Melbourne Service](#) · ‎[No Call Out Fee](#)\n",https://www.cleanandclearwater.com.au/
water filter installation,20260601,65,5.14,0.6666666666666666,8 out of 12,1,Water Filter Installation - Free Install. No Call Out Fee,"We Have the Perfect Water Filtration System for Your Needs! Best Price Guaranteed. Call Us. Neat, Compact ...",https://www.cleanandclearwater.com.au/
water filter installation,20260701,65,5.14,0.6666666666666666,8 out of 12,3,Water Filter Installation | Free Install. No Call Out Fee,"We Have the Perfect Water Filtration System for Your Needs! Best Price Guaranteed. Call Us. Neat, Compact & Affordable Water Filters. Perfect for your Home or Office. Contact Us Now! Fast, Friendly Service. 30+ Years Experience. Built to Last. Fast Melbourne Service.",https://www.cleanandclearwater.com.au/
water filter installation,20260501,65,5.14,0.6666666666666666,8 out of 12,2,Water Filter Installation - Free Install. No Call Out Fee,We Have the Perfect Water Filtration System for Your Needs! Best Price Guaranteed. Call Us,https://www.cleanandclearwater.com.au/
water filter installation,20260401,65,5.14,0.6666666666666666,8 out of 12,1,Water Filter Installation | Free Install. No Call Out Fee,We Have the Perfect Water Filtration System for Your Needs! Best Price Guaranteed. Call Us\n[Free Installation](#) · [Whole Home Water Filters](#) · [No Call Out Fee](#) · [Contact Us Now](#),https://www.cleanandclearwater.com.au/
water filter installation,20260901,65,5.14,0.6666666666666666,8 out of 12,1,Water Filter Installation - Free Install. No Call Out Fee - Call Clean & Clear Water Today,"We Have the Perfect Water Filtration System for Your Needs! Best Price Guaranteed. Call Us. Neat, Compact & Affordable Water Filters. Perfect for your Home or Office. Contact Us Now! Fast, Friendly Service. 30+ Years Experience. Built to Last. Types: Undersink Water Filters, Twin Undersink, Triple Undersink, Reverse Osmosis, Water Coolers.",http://www.cleanandclearwater.com.au/
water filter installation,20260801,65,5.14,0.6666666666666666,8 out of 12,1,Water Filter Installation - Free Install. No Call Out Fee,"We Have the Perfect Water Filtration System for Your Needs! Best Price Guaranteed. Call Us. Neat, Compact & Affordable Water Filters. Perfect for your Home or Office. Contact Us Now! Built to Last.",https://www.cleanandclearwater.com.au/
water filter installation,20260101,65,5.14,0.6666666666666666,8 out of 12,3,Water Filter Installation | Free Install. No Call Out Fee,We Have the Perfect Water Filtration System for Your Needs! Best Price...,https://www.cleanandclearwater.com.au/
water filter installation,20220601,65,5.14,0.6666666666666666,8 out of 12,2,Water Filter Installation - Free Install. No Call Out Fee,We Have the Perfect Water Filtration System for Your Needs! Best Price Guaranteed. Call Us  \n\n,https://www.cleanandclearwater.com.au/
water filter installation,20240701,65,5.14,0.6666666666666666,8 out of 12,1,Water Filter Installation | Free Install. No Call Out Fee,"We Have the Perfect Water Filtration System for Your Needs! Best Price Guaranteed. Call Us. Neat, Compact \& Affordable Water Filters. Perfect for your Home or Office. Contact Us Now! Built to Last. Fast, Friendly Service.  \n  \n‎[Whole Home Water Filters](#) · ‎[Free Installation](#) · ‎[No Call Out Fee](#) · ‎[Prompt Melbourne Service](#)\n",https://www.cleanandclearwater.com.au/
reverse osmosis water system,20260401,1800,2.23,0.08333333333333333,1 out of 12,3,Reverse Osmosis Water Sys - Free Install. No Call Out Fee,We Have the Perfect Water Filtration System for Your Needs! Best Price Guaranteed. Call Us,https://www.cleanandclearwater.com.au/
whole house reverse osmosis,20260701,630,2.74,0.08333333333333333,1 out of 12,4,VIC's #1 Whole Home Filter | Free Install. No Call Out Fee,"“Was impressed with the service, overall a fair price too. Well worth it” Annabelle. “I can’t believe the difference in taste of my tea & coffee, best investment ever.” ...",https://www.cleanandclearwater.com.au/whole-house-filtration-system/
water filtration,20260501,1400,1.7,0.08333333333333333,1 out of 12,1,Buy a Water Filtration System - Sydney's Best Value Range,"Quality & Value Second to None! Free Installation, Free Designer Tap, and a Free Cooler!\*",https://www.cleanandclearwater.com.au/
water filter near me,20260501,1300,1.71,0.08333333333333333,1 out of 12,1,Free Install. No Call Out Fee,"Superb Tasting Fresh Water — ""I can’t believe the difference in taste of my tea & coffee, best investment ever."" - Marg. Neat, Compact & Affordable Water Filters. Perfect for your Home or Office. Contact Us Now! Best Prices Guaranteed. 30+ Years Experience. Built to Last. Fast, Friendly Service. Fast Melbourne Service.\n[Whole Home Water Filters](#) · [Free Installation](#) · [Undersink Water Filters Melbrn](#) · [Contact Us Now](#)",https://www.cleanandclearwater.com.au/
water filter systems,20251201,460,2.42,0.25,3 out of 12,1,Water Filter Systems Syd,"Free Install. No Call Out Fee — We Have the Perfect Water Filtration System for Your Needs! Best Price Guaranteed. Call Us. Neat, Compact & Affordable Water Filters. Perfect for...\n[Whole Home Water Filters](#) · [Free Installation](#)",https://www.cleanandclearwater.com.au/
water filter systems,20251101,460,2.42,0.25,3 out of 12,3,Water Filter Systems Syd - Free Install. No Call Out Fee,We Have the Perfect Water Filtration System for Your Needs! Best Price Guaranteed. Call Us,https://www.cleanandclearwater.com.au/
water filter systems,20260501,460,2.42,0.25,3 out of 12,4,Water Filter Systems Syd - Free Install. No Call Out Fee,We Have the Perfect Water Filtration System for Your Needs! Best Price Guaranteed. Call Us,https://www.cleanandclearwater.com.au/
water filter systems,20240901,460,2.42,0.25,3 out of 12,7,Water Filter Systems Syd | Free Install. No Call Out Fee,"We Have the Perfect Water Filtration System for Your Needs! Best Price Guaranteed. Call Us. Neat, Compact \& Affordable Water Filters. Perfect for your Home or Office. Contact Us Now! Built to Last. Fast Melbourne Service.  \n  \n‎[Whole Home Water Filters](#) · ‎[Prompt Melbourne Service](#) · ‎[30 Yrs Experience](#)  \n[Call us](#)\n",https://www.cleanandclearwater.com.au/
reverse osmosis water filtration system,20260501,810,1.77,0.08333333333333333,1 out of 12,3,Reverse Osmosis Water Sys - Free Install. No Call Out Fee,We Have the Perfect Water Filtration System for Your Needs! Best Price...\n[Whole Home Water Filters](#) · [Free Installation](#) · [No Call Out Fee](#) · [30+ Yrs Experience](#),https://www.cleanandclearwater.com.au/
water filter system for home,20260301,570,2.57,0.16666666666666666,2 out of 12,4,Drinking Water Purifier - Free Install. No Call Out Fee,We Have the Perfect Water Filtration System for Your Needs! Best Price Guaranteed. Call Us\n[Whole Home Water Filters](#) · [Free Installation](#) · [No Call Out Fee](#) · [Contact Us Now](#),https://www.cleanandclearwater.com.au/
water filter system for home,20251201,570,2.57,0.16666666666666666,2 out of 12,1,Whole House Water Filters - Free Install. No Call Out Fee,We Have the Perfect Water Filtration System for Your Needs! Best Price Guaranteed. Call Us. Neat...\n[Whole Home Water Filters](#) · [Free Installation](#) · [No Call Out Fee](#) · [30+ Yrs Experience](#),https://www.cleanandclearwater.com.au/
pure water systems,20251201,175,1.72,0.3333333333333333,4 out of 12,2,Clean & Clear Water Filters,Free Install. No Call Out Fee — We Have the Perfect Water Filtration System for Your Needs! Best Price Guaranteed. Call Us\n[Call 1300 733 853](#),https://www.cleanandclearwater.com.au/
pure water systems,20260601,175,1.72,0.3333333333333333,4 out of 12,2,Clean & Clear Water Filters | Free Install. No Call Out Fee,"We Have the Perfect Water Filtration System for Your Needs! Best Price Guaranteed. Call Us. Neat, Compact & Affordable Water Filters.\n[Whole Home Water Filters](#) · [Free Installation](#) · [Contact Us Now](#) · [No Call Out Fee](#)",https://www.cleanandclearwater.com.au/
pure water systems,20260501,175,1.72,0.3333333333333333,4 out of 12,2,Clean & Clear Water Filters | Free Install. No Call Out Fee,We Have the Perfect Water Filtration System for Your Needs! Best Price...,https://www.cleanandclearwater.com.au/
pure water systems,20260701,175,1.72,0.3333333333333333,4 out of 12,2,Clean & Clear Water Filters | Free Install. No Call Out Fee,We Have the Perfect Water Filtration System for Your Needs! Best Price Guaranteed. Call Us. Neat...,https://www.cleanandclearwater.com.au/
whole house water filtration,20260601,290,1.89,0.16666666666666666,2 out of 12,2,VIC's #1 Whole Home Filter,"Free Install. No Call Out Fee — “Was impressed with the service, overall a fair price too. Well worth it” Annabelle. “I can’t believe the difference in taste of my tea & coffee, best investment ever.” - Marg. Best Prices Guaranteed. Built to Last. 30+ Years Experience.",https://www.cleanandclearwater.com.au/whole-house-filtration-system/
whole house water filtration,20260401,290,1.89,0.16666666666666666,2 out of 12,1,VIC's #1 Whole Home Filter - Free Install. No Call Out Fee,"“Was impressed with the service, overall a fair price too. Well worth it” Annabelle. “I can’t believe the difference in taste of my tea & coffee, best...\n[Call 1300 733 853](#)",https://www.cleanandclearwater.com.au/whole-house-filtration-system/
sink water filter,20260301,1000,1.74,0.08333333333333333,1 out of 12,3,Under Sink Water Filters - Free Install. No Call Out Fee,We Have the Perfect Water Filtration System for Your Needs! Best Price...,https://www.cleanandclearwater.com.au/
sink water filter,20240501,1000,1.74,0.08333333333333333,1 out of 12,2,Under Sink Water Filters,Free Install. No Call Out Fee --- We Have the Perfect Water Filtration System for Your Needs! Best Price Guaranteed. Call Us  \n\n,https://www.cleanandclearwater.com.au/
sink water filter,20230701,1000,1.74,0.08333333333333333,1 out of 12,2,Under Sink Water Filters - Free Install. No Call Out Fee,"We Have the Perfect Water Filtration System for Your Needs! Best Price Guaranteed. Call Us. Neat, Compact \& Affordable Water Filters. Perfect for your Home or Office. Contact Us...  \n  \n‎[Prompt Melbourne Service](#) · ‎[Free Installation](#) · ‎[30 Yrs Experience](#) · ‎[No Call Out Fee](#)\n",https://www.cleanandclearwater.com.au/
water filtration system for home,20251201,1400,2.01,0.08333333333333333,1 out of 12,1,Whole House Water Filters | Free Install. No Call Out Fee | Call Clean & Clear Water Today,"We Have the Perfect Water Filtration System for Your Needs! Best Price Guaranteed. Call Us. Neat, Compact & Affordable Water Filters. Perfect for your Home or Office. Contact Us Now! Built to Last. Best Prices Guaranteed. 30+ Years Experience. Fast Melbourne Service. Fast, Friendly Service.\n[Whole Home Water Filters](#) · [Free Installation](#) · [No Call Out Fee](#) · [30+ Yrs Experience](#)",https://www.cleanandclearwater.com.au/
water softening system,20260501,510,1.7,0.08333333333333333,1 out of 12,1,Water Treatment Systems | Free Install. No Call Out Fee,"We Have the Perfect Water Filtration System for Your Needs! Best Price Guaranteed. Call Us. Neat, Compact & Affordable Water Filters. Perfect for your Home or Office. Contact Us Now! Built to Last. Fast, Friendly Service. 30+ Years Experience.",https://www.cleanandclearwater.com.au/
4 stage water filter,20260801,180,2.35,0.08333333333333333,1 out of 12,1,Under Sink Water Filters,"Free Install. No Call Out Fee — We Have the Perfect Water Filtration System for Your Needs! Best Price Guaranteed. Call Us. Neat, Compact & Affordable Water Filters. Perfect for your Home or Office. Contact Us Now! Built to Last. 30+ Years Experience. Fast, Friendly Service. Fast Sydney Service.\n[Whole Home Water Filters](#) · [Contact Us Now](#) · [Free Installation](#) · [No Call Out Fee](#)",https://www.cleanandclearwater.com.au/
