URL,Last crawled
https://waterfiltration.sydney/,1970-01-01
https://waterfiltration.sydney/acknowledgement-of-country,1970-01-01
https://waterfiltration.sydney/applications-and-approvals,1970-01-01
https://waterfiltration.sydney/careers,1970-01-01
https://waterfiltration.sydney/complaints-and-feedback,1970-01-01
https://waterfiltration.sydney/contact-us,1970-01-01
https://waterfiltration.sydney/customer-services,1970-01-01
https://waterfiltration.sydney/emergency-water-filter-installation,1970-01-01
https://waterfiltration.sydney/faqs,1970-01-01
https://waterfiltration.sydney/help-and-support,1970-01-01
https://waterfiltration.sydney/privacy-policy,1970-01-01
https://waterfiltration.sydney/returns-and-refunds-policy,1970-01-01
https://waterfiltration.sydney/service-areas,1970-01-01
https://waterfiltration.sydney/services,1970-01-01
https://waterfiltration.sydney/shipping-policy,1970-01-01
https://waterfiltration.sydney/terms-and-conditions,1970-01-01
https://waterfiltration.sydney/terms-of-sale,1970-01-01
https://waterfiltration.sydney/website-disclaimer,1970-01-01