Campaign,Campaign Type,Networks,Budget,Budget type,Bid Strategy Type,Maximum CPC bid limit,Campaign Status,Languages,Ad Schedule,Location ID,Ad Group,Ad Group Status,Keyword,Criterion Type,Status,Ad type,Headline 1,Headline 2,Headline 3,Headline 4,Headline 5,Headline 6,Headline 7,Headline 8,Headline 9,Headline 10,Headline 11,Headline 12,Headline 13,Headline 14,Headline 15,Headline 1 position,Description 1,Description 2,Description 3,Description 4,Path 1,Path 2,Final URL
WFS | Search | Sydney | Exact,Search,Google search,50.00,Daily,Maximize clicks,13.00,Paused,en,(Monday[08:00-20:00]);(Tuesday[08:00-20:00]);(Wednesday[08:00-20:00]);(Thursday[08:00-20:00]);(Friday[08:00-20:00]);(Saturday[08:00-20:00]);(Sunday[08:00-20:00]),,,,,,,,,,,,,,,,,,,,,,,,,,,,,,
WFS | Search | Sydney | Exact,,,,,,,,,,9071696,,,,,,,,,,,,,,,,,,,,,,,,,,,,,
WFS | Search | Sydney | Exact,,,,,,,,,,9071706,,,,,,,,,,,,,,,,,,,,,,,,,,,,,
WFS | Search | Sydney | Exact,,,,,,,,,,9071710,,,,,,,,,,,,,,,,,,,,,,,,,,,,,
WFS | Search | Sydney | Exact,,,,,,,,,,9071711,,,,,,,,,,,,,,,,,,,,,,,,,,,,,
WFS | Search | Sydney | Exact,,,,,,,,,,9071713,,,,,,,,,,,,,,,,,,,,,,,,,,,,,
WFS | Search | Sydney | Exact,,,,,,,,,,9071714,,,,,,,,,,,,,,,,,,,,,,,,,,,,,
WFS | Search | Sydney | Exact,,,,,,,,,,9071715,,,,,,,,,,,,,,,,,,,,,,,,,,,,,
WFS | Search | Sydney | Exact,,,,,,,,,,9071716,,,,,,,,,,,,,,,,,,,,,,,,,,,,,
WFS | Search | Sydney | Exact,,,,,,,,,,9071717,,,,,,,,,,,,,,,,,,,,,,,,,,,,,
WFS | Search | Sydney | Exact,,,,,,,,,,9071718,,,,,,,,,,,,,,,,,,,,,,,,,,,,,
WFS | Search | Sydney | Exact,,,,,,,,,,9071719,,,,,,,,,,,,,,,,,,,,,,,,,,,,,
WFS | Search | Sydney | Exact,,,,,,,,,,9071720,,,,,,,,,,,,,,,,,,,,,,,,,,,,,
WFS | Search | Sydney | Exact,,,,,,,,,,9071721,,,,,,,,,,,,,,,,,,,,,,,,,,,,,
WFS | Search | Sydney | Exact,,,,,,,,,,9071722,,,,,,,,,,,,,,,,,,,,,,,,,,,,,
WFS | Search | Sydney | Exact,,,,,,,,,,9071723,,,,,,,,,,,,,,,,,,,,,,,,,,,,,
WFS | Search | Sydney | Exact,,,,,,,,,,9071724,,,,,,,,,,,,,,,,,,,,,,,,,,,,,
WFS | Search | Sydney | Exact,,,,,,,,,,9071725,,,,,,,,,,,,,,,,,,,,,,,,,,,,,
WFS | Search | Sydney | Exact,,,,,,,,,,9071726,,,,,,,,,,,,,,,,,,,,,,,,,,,,,
WFS | Search | Sydney | Exact,,,,,,,,,,9071727,,,,,,,,,,,,,,,,,,,,,,,,,,,,,
WFS | Search | Sydney | Exact,,,,,,,,,,9071728,,,,,,,,,,,,,,,,,,,,,,,,,,,,,
WFS | Search | Sydney | Exact,,,,,,,,,,9071731,,,,,,,,,,,,,,,,,,,,,,,,,,,,,
WFS | Search | Sydney | Exact,,,,,,,,,,9071732,,,,,,,,,,,,,,,,,,,,,,,,,,,,,
WFS | Search | Sydney | Exact,,,,,,,,,,9071742,,,,,,,,,,,,,,,,,,,,,,,,,,,,,
WFS | Search | Sydney | Exact,,,,,,,,,,9071745,,,,,,,,,,,,,,,,,,,,,,,,,,,,,
WFS | Search | Sydney | Exact,,,,,,,,,,9071746,,,,,,,,,,,,,,,,,,,,,,,,,,,,,
WFS | Search | Sydney | Exact,,,,,,,,,,9071749,,,,,,,,,,,,,,,,,,,,,,,,,,,,,
WFS | Search | Sydney | Exact,,,,,,,,,,9071755,,,,,,,,,,,,,,,,,,,,,,,,,,,,,
WFS | Search | Sydney | Exact,,,,,,,,,,9071756,,,,,,,,,,,,,,,,,,,,,,,,,,,,,
WFS | Search | Sydney | Exact,,,,,,,,,,9071757,,,,,,,,,,,,,,,,,,,,,,,,,,,,,
WFS | Search | Sydney | Exact,,,,,,,,,,9071758,,,,,,,,,,,,,,,,,,,,,,,,,,,,,
WFS | Search | Sydney | Exact,,,,,,,,,,9071764,,,,,,,,,,,,,,,,,,,,,,,,,,,,,
WFS | Search | Sydney | Exact,,,,,,,,,,9071782,,,,,,,,,,,,,,,,,,,,,,,,,,,,,
WFS | Search | Sydney | Exact,,,,,,,,,,9071783,,,,,,,,,,,,,,,,,,,,,,,,,,,,,
WFS | Search | Sydney | Exact,,,,,,,,,,9071784,,,,,,,,,,,,,,,,,,,,,,,,,,,,,
WFS | Search | Sydney | Exact,,,,,,,,,,9071785,,,,,,,,,,,,,,,,,,,,,,,,,,,,,
WFS | Search | Sydney | Exact,,,,,,,,,,9071786,,,,,,,,,,,,,,,,,,,,,,,,,,,,,
WFS | Search | Sydney | Exact,,,,,,,,,,9071787,,,,,,,,,,,,,,,,,,,,,,,,,,,,,
WFS | Search | Sydney | Exact,,,,,,,,,,9071788,,,,,,,,,,,,,,,,,,,,,,,,,,,,,
WFS | Search | Sydney | Exact,,,,,,,,,,9071789,,,,,,,,,,,,,,,,,,,,,,,,,,,,,
WFS | Search | Sydney | Exact,,,,,,,,,,9071790,,,,,,,,,,,,,,,,,,,,,,,,,,,,,
WFS | Search | Sydney | Exact,,,,,,,,,,9071791,,,,,,,,,,,,,,,,,,,,,,,,,,,,,
WFS | Search | Sydney | Exact,,,,,,,,,,9071792,,,,,,,,,,,,,,,,,,,,,,,,,,,,,
WFS | Search | Sydney | Exact,,,,,,,,,,9071793,,,,,,,,,,,,,,,,,,,,,,,,,,,,,
WFS | Search | Sydney | Exact,,,,,,,,,,9071795,,,,,,,,,,,,,,,,,,,,,,,,,,,,,
WFS | Search | Sydney | Exact,,,,,,,,,,9071796,,,,,,,,,,,,,,,,,,,,,,,,,,,,,
WFS | Search | Sydney | Exact,,,,,,,,,,9071800,,,,,,,,,,,,,,,,,,,,,,,,,,,,,
WFS | Search | Sydney | Exact,,,,,,,,,,9071801,,,,,,,,,,,,,,,,,,,,,,,,,,,,,
WFS | Search | Sydney | Exact,,,,,,,,,,9071803,,,,,,,,,,,,,,,,,,,,,,,,,,,,,
WFS | Search | Sydney | Exact,,,,,,,,,,9071804,,,,,,,,,,,,,,,,,,,,,,,,,,,,,
WFS | Search | Sydney | Exact,,,,,,,,,,9071805,,,,,,,,,,,,,,,,,,,,,,,,,,,,,
WFS | Search | Sydney | Exact,,,,,,,,,,9071806,,,,,,,,,,,,,,,,,,,,,,,,,,,,,
WFS | Search | Sydney | Exact,,,,,,,,,,9071807,,,,,,,,,,,,,,,,,,,,,,,,,,,,,
WFS | Search | Sydney | Exact,,,,,,,,,,9071808,,,,,,,,,,,,,,,,,,,,,,,,,,,,,
WFS | Search | Sydney | Exact,,,,,,,,,,9071809,,,,,,,,,,,,,,,,,,,,,,,,,,,,,
WFS | Search | Sydney | Exact,,,,,,,,,,9071810,,,,,,,,,,,,,,,,,,,,,,,,,,,,,
WFS | Search | Sydney | Exact,,,,,,,,,,9071812,,,,,,,,,,,,,,,,,,,,,,,,,,,,,
WFS | Search | Sydney | Exact,,,,,,,,,,9071813,,,,,,,,,,,,,,,,,,,,,,,,,,,,,
WFS | Search | Sydney | Exact,,,,,,,,,,9071814,,,,,,,,,,,,,,,,,,,,,,,,,,,,,
WFS | Search | Sydney | Exact,,,,,,,,,,9071816,,,,,,,,,,,,,,,,,,,,,,,,,,,,,
WFS | Search | Sydney | Exact,,,,,,,,,,9071817,,,,,,,,,,,,,,,,,,,,,,,,,,,,,
WFS | Search | Sydney | Exact,,,,,,,,,,9071819,,,,,,,,,,,,,,,,,,,,,,,,,,,,,
WFS | Search | Sydney | Exact,,,,,,,,,,9071820,,,,,,,,,,,,,,,,,,,,,,,,,,,,,
WFS | Search | Sydney | Exact,,,,,,,,,,9071821,,,,,,,,,,,,,,,,,,,,,,,,,,,,,
WFS | Search | Sydney | Exact,,,,,,,,,,9071822,,,,,,,,,,,,,,,,,,,,,,,,,,,,,
WFS | Search | Sydney | Exact,,,,,,,,,,9071824,,,,,,,,,,,,,,,,,,,,,,,,,,,,,
WFS | Search | Sydney | Exact,,,,,,,,,,9071827,,,,,,,,,,,,,,,,,,,,,,,,,,,,,
WFS | Search | Sydney | Exact,,,,,,,,,,9071828,,,,,,,,,,,,,,,,,,,,,,,,,,,,,
WFS | Search | Sydney | Exact,,,,,,,,,,9071829,,,,,,,,,,,,,,,,,,,,,,,,,,,,,
WFS | Search | Sydney | Exact,,,,,,,,,,9071830,,,,,,,,,,,,,,,,,,,,,,,,,,,,,
WFS | Search | Sydney | Exact,,,,,,,,,,9071831,,,,,,,,,,,,,,,,,,,,,,,,,,,,,
WFS | Search | Sydney | Exact,,,,,,,,,,9071833,,,,,,,,,,,,,,,,,,,,,,,,,,,,,
WFS | Search | Sydney | Exact,,,,,,,,,,9071834,,,,,,,,,,,,,,,,,,,,,,,,,,,,,
WFS | Search | Sydney | Exact,,,,,,,,,,9071836,,,,,,,,,,,,,,,,,,,,,,,,,,,,,
WFS | Search | Sydney | Exact,,,,,,,,,,9071837,,,,,,,,,,,,,,,,,,,,,,,,,,,,,
WFS | Search | Sydney | Exact,,,,,,,,,,9071839,,,,,,,,,,,,,,,,,,,,,,,,,,,,,
WFS | Search | Sydney | Exact,,,,,,,,,,9071846,,,,,,,,,,,,,,,,,,,,,,,,,,,,,
WFS | Search | Sydney | Exact,,,,,,,,,,9071852,,,,,,,,,,,,,,,,,,,,,,,,,,,,,
WFS | Search | Sydney | Exact,,,,,,,,,,9071855,,,,,,,,,,,,,,,,,,,,,,,,,,,,,
WFS | Search | Sydney | Exact,,,,,,,,,,9071856,,,,,,,,,,,,,,,,,,,,,,,,,,,,,
WFS | Search | Sydney | Exact,,,,,,,,,,9071857,,,,,,,,,,,,,,,,,,,,,,,,,,,,,
WFS | Search | Sydney | Exact,,,,,,,,,,9071858,,,,,,,,,,,,,,,,,,,,,,,,,,,,,
WFS | Search | Sydney | Exact,,,,,,,,,,9071859,,,,,,,,,,,,,,,,,,,,,,,,,,,,,
WFS | Search | Sydney | Exact,,,,,,,,,,9071860,,,,,,,,,,,,,,,,,,,,,,,,,,,,,
WFS | Search | Sydney | Exact,,,,,,,,,,9071861,,,,,,,,,,,,,,,,,,,,,,,,,,,,,
WFS | Search | Sydney | Exact,,,,,,,,,,9071862,,,,,,,,,,,,,,,,,,,,,,,,,,,,,
WFS | Search | Sydney | Exact,,,,,,,,,,9071863,,,,,,,,,,,,,,,,,,,,,,,,,,,,,
WFS | Search | Sydney | Exact,,,,,,,,,,9071866,,,,,,,,,,,,,,,,,,,,,,,,,,,,,
WFS | Search | Sydney | Exact,,,,,,,,,,9071867,,,,,,,,,,,,,,,,,,,,,,,,,,,,,
WFS | Search | Sydney | Exact,,,,,,,,,,9071868,,,,,,,,,,,,,,,,,,,,,,,,,,,,,
WFS | Search | Sydney | Exact,,,,,,,,,,9071869,,,,,,,,,,,,,,,,,,,,,,,,,,,,,
WFS | Search | Sydney | Exact,,,,,,,,,,9071871,,,,,,,,,,,,,,,,,,,,,,,,,,,,,
WFS | Search | Sydney | Exact,,,,,,,,,,9071872,,,,,,,,,,,,,,,,,,,,,,,,,,,,,
WFS | Search | Sydney | Exact,,,,,,,,,,9071873,,,,,,,,,,,,,,,,,,,,,,,,,,,,,
WFS | Search | Sydney | Exact,,,,,,,,,,9071874,,,,,,,,,,,,,,,,,,,,,,,,,,,,,
WFS | Search | Sydney | Exact,,,,,,,,,,9071875,,,,,,,,,,,,,,,,,,,,,,,,,,,,,
WFS | Search | Sydney | Exact,,,,,,,,,,9071876,,,,,,,,,,,,,,,,,,,,,,,,,,,,,
WFS | Search | Sydney | Exact,,,,,,,,,,9071877,,,,,,,,,,,,,,,,,,,,,,,,,,,,,
WFS | Search | Sydney | Exact,,,,,,,,,,9071878,,,,,,,,,,,,,,,,,,,,,,,,,,,,,
WFS | Search | Sydney | Exact,,,,,,,,,,9071879,,,,,,,,,,,,,,,,,,,,,,,,,,,,,
WFS | Search | Sydney | Exact,,,,,,,,,,9071881,,,,,,,,,,,,,,,,,,,,,,,,,,,,,
WFS | Search | Sydney | Exact,,,,,,,,,,9071882,,,,,,,,,,,,,,,,,,,,,,,,,,,,,
WFS | Search | Sydney | Exact,,,,,,,,,,9071883,,,,,,,,,,,,,,,,,,,,,,,,,,,,,
WFS | Search | Sydney | Exact,,,,,,,,,,9071885,,,,,,,,,,,,,,,,,,,,,,,,,,,,,
WFS | Search | Sydney | Exact,,,,,,,,,,9071886,,,,,,,,,,,,,,,,,,,,,,,,,,,,,
WFS | Search | Sydney | Exact,,,,,,,,,,9071887,,,,,,,,,,,,,,,,,,,,,,,,,,,,,
WFS | Search | Sydney | Exact,,,,,,,,,,9071895,,,,,,,,,,,,,,,,,,,,,,,,,,,,,
WFS | Search | Sydney | Exact,,,,,,,,,,9071896,,,,,,,,,,,,,,,,,,,,,,,,,,,,,
WFS | Search | Sydney | Exact,,,,,,,,,,9071897,,,,,,,,,,,,,,,,,,,,,,,,,,,,,
WFS | Search | Sydney | Exact,,,,,,,,,,9071898,,,,,,,,,,,,,,,,,,,,,,,,,,,,,
WFS | Search | Sydney | Exact,,,,,,,,,,9071899,,,,,,,,,,,,,,,,,,,,,,,,,,,,,
WFS | Search | Sydney | Exact,,,,,,,,,,9071900,,,,,,,,,,,,,,,,,,,,,,,,,,,,,
WFS | Search | Sydney | Exact,,,,,,,,,,9071903,,,,,,,,,,,,,,,,,,,,,,,,,,,,,
WFS | Search | Sydney | Exact,,,,,,,,,,9071904,,,,,,,,,,,,,,,,,,,,,,,,,,,,,
WFS | Search | Sydney | Exact,,,,,,,,,,9071905,,,,,,,,,,,,,,,,,,,,,,,,,,,,,
WFS | Search | Sydney | Exact,,,,,,,,,,9112533,,,,,,,,,,,,,,,,,,,,,,,,,,,,,
WFS | Search | Sydney | Exact,,,,,,,,,,9112584,,,,,,,,,,,,,,,,,,,,,,,,,,,,,
WFS | Search | Sydney | Exact,,,,,,,,,,9112595,,,,,,,,,,,,,,,,,,,,,,,,,,,,,
WFS | Search | Sydney | Exact,,,,,,,,,,9112606,,,,,,,,,,,,,,,,,,,,,,,,,,,,,
WFS | Search | Sydney | Exact,,,,,,,,,,9112615,,,,,,,,,,,,,,,,,,,,,,,,,,,,,
WFS | Search | Sydney | Exact,,,,,,,,,,9112632,,,,,,,,,,,,,,,,,,,,,,,,,,,,,
WFS | Search | Sydney | Exact,,,,,,,,,,9112638,,,,,,,,,,,,,,,,,,,,,,,,,,,,,
WFS | Search | Sydney | Exact,,,,,,,,,,9112649,,,,,,,,,,,,,,,,,,,,,,,,,,,,,
WFS | Search | Sydney | Exact,,,,,,,,,,9112658,,,,,,,,,,,,,,,,,,,,,,,,,,,,,
WFS | Search | Sydney | Exact,,,,,,,,,,9112662,,,,,,,,,,,,,,,,,,,,,,,,,,,,,
WFS | Search | Sydney | Exact,,,,,,,,,,9112711,,,,,,,,,,,,,,,,,,,,,,,,,,,,,
WFS | Search | Sydney | Exact,,,,,,,,,,9112715,,,,,,,,,,,,,,,,,,,,,,,,,,,,,
WFS | Search | Sydney | Exact,,,,,,,,,,9112751,,,,,,,,,,,,,,,,,,,,,,,,,,,,,
WFS | Search | Sydney | Exact,,,,,,,,,,9112783,,,,,,,,,,,,,,,,,,,,,,,,,,,,,
WFS | Search | Sydney | Exact,,,,,,,,,,9112831,,,,,,,,,,,,,,,,,,,,,,,,,,,,,
WFS | Search | Sydney | Exact,,,,,,,,,,9199005,,,,,,,,,,,,,,,,,,,,,,,,,,,,,
WFS | Search | Sydney | Exact,,,,,,,,,,9214986,,,,,,,,,,,,,,,,,,,,,,,,,,,,,
WFS | Search | Sydney | Exact,,,,,,,,,,9112610,,,,,,,,,,,,,,,,,,,,,,,,,,,,,
WFS | Search | Sydney | Exact,,,,,,,,,,9112723,,,,,,,,,,,,,,,,,,,,,,,,,,,,,
WFS | Search | Sydney | Exact,,,,,,,,,,9112637,,,,,,,,,,,,,,,,,,,,,,,,,,,,,
WFS | Search | Sydney | Exact,,,,,,,,,,9112607,,,,,,,,,,,,,,,,,,,,,,,,,,,,,
WFS | Search | Sydney | Exact,,,,,,,,,,9112779,,,,,,,,,,,,,,,,,,,,,,,,,,,,,
WFS | Search | Sydney | Exact,,,,,,,,,,9112616,,,,,,,,,,,,,,,,,,,,,,,,,,,,,
WFS | Search | Sydney | Exact,,,,,,,,,,9112578,,,,,,,,,,,,,,,,,,,,,,,,,,,,,
WFS | Search | Sydney | Exact,,,,,,,,,,9112819,,,,,,,,,,,,,,,,,,,,,,,,,,,,,
WFS | Search | Sydney | Exact,,,,,,,,,,9112572,,,,,,,,,,,,,,,,,,,,,,,,,,,,,
WFS | Search | Sydney | Exact,,,,,,,,,,9112707,,,,,,,,,,,,,,,,,,,,,,,,,,,,,
WFS | Search | Sydney | Exact,,,,,,,,,,9112600,,,,,,,,,,,,,,,,,,,,,,,,,,,,,
WFS | Search | Sydney | Exact,,,,,,,,,,9112628,,,,,,,,,,,,,,,,,,,,,,,,,,,,,
WFS | Search | Sydney | Exact,,,,,,,,,,9112656,,,,,,,,,,,,,,,,,,,,,,,,,,,,,
WFS | Search | Sydney | Exact,,,,,,,,,,9112699,,,,,,,,,,,,,,,,,,,,,,,,,,,,,
WFS | Search | Sydney | Exact,,,,,,,,,,9071908,,,,,,,,,,,,,,,,,,,,,,,,,,,,,
WFS | Search | Sydney | Exact,,,,,,,,,,9071934,,,,,,,,,,,,,,,,,,,,,,,,,,,,,
WFS | Search | Sydney | Exact,,,,,,,,,,9071909,,,,,,,,,,,,,,,,,,,,,,,,,,,,,
WFS | Search | Sydney | Exact,,,,,,,,,,9071910,,,,,,,,,,,,,,,,,,,,,,,,,,,,,
WFS | Search | Sydney | Exact,,,,,,,,,,9071734,,,,,,,,,,,,,,,,,,,,,,,,,,,,,
WFS | Search | Sydney | Exact,,,,,,,,,,9071663,,,,,,,,,,,,,,,,,,,,,,,,,,,,,
WFS | Search | Sydney | Exact,,,,,,,,,,9071661,,,,,,,,,,,,,,,,,,,,,,,,,,,,,
WFS | Search | Sydney | Exact,,,,,,,,,,9071662,,,,,,,,,,,,,,,,,,,,,,,,,,,,,
WFS | Search | Sydney | Exact,,,,,,,,,,9071664,,,,,,,,,,,,,,,,,,,,,,,,,,,,,
WFS | Search | Sydney | Exact,,,,,,,,,,9071708,,,,,,,,,,,,,,,,,,,,,,,,,,,,,
WFS | Search | Sydney | Exact,,,,,,,,,,9071709,,,,,,,,,,,,,,,,,,,,,,,,,,,,,
WFS | Search | Sydney | Exact,,,,,,,,,,9071638,,,,,,,,,,,,,,,,,,,,,,,,,,,,,
WFS | Search | Sydney | Exact,,,,,,,,,,9071704,,,,,,,,,,,,,,,,,,,,,,,,,,,,,
WFS | Search | Sydney | Exact,,,,,,,,,,9071707,,,,,,,,,,,,,,,,,,,,,,,,,,,,,
WFS | Search | Sydney | Exact,,,,,,,,,,9071698,,,,,,,,,,,,,,,,,,,,,,,,,,,,,
WFS | Search | Sydney | Exact,,,,,,,,,,9071705,,,,,,,,,,,,,,,,,,,,,,,,,,,,,
WFS | Search | Sydney | Exact,,,,,,,,,,9071700,,,,,,,,,,,,,,,,,,,,,,,,,,,,,
WFS | Search | Sydney | Exact,,,,,,,,,,9071697,,,,,,,,,,,,,,,,,,,,,,,,,,,,,
WFS | Search | Sydney | Exact,,,,,,,,,,9071699,,,,,,,,,,,,,,,,,,,,,,,,,,,,,
WFS | Search | Sydney | Exact,,,,,,,,,,9071702,,,,,,,,,,,,,,,,,,,,,,,,,,,,,
WFS | Search | Sydney | Exact,,,,,,,,,,9071701,,,,,,,,,,,,,,,,,,,,,,,,,,,,,
WFS | Search | Sydney | Exact,,,,,,,,,,9071703,,,,,,,,,,,,,,,,,,,,,,,,,,,,,
WFS | Search | Sydney | Exact,,,,,,,,,,,Installation,Enabled,,,,,,,,,,,,,,,,,,,,,,,,,,,
WFS | Search | Sydney | Exact,,,,,,,,,,,Installation,,water filter installation,Exact,Enabled,,,,,,,,,,,,,,,,,,,,,,,,
WFS | Search | Sydney | Exact,,,,,,,,,,,Installation,,water filtration installation,Exact,Enabled,,,,,,,,,,,,,,,,,,,,,,,,
WFS | Search | Sydney | Exact,,,,,,,,,,,Installation,,water filter installation sydney,Exact,Enabled,,,,,,,,,,,,,,,,,,,,,,,,
WFS | Search | Sydney | Exact,,,,,,,,,,,Installation,,sydney water filter installation,Exact,Enabled,,,,,,,,,,,,,,,,,,,,,,,,
WFS | Search | Sydney | Exact,,,,,,,,,,,Installation,,water filter install sydney,Exact,Enabled,,,,,,,,,,,,,,,,,,,,,,,,
WFS | Search | Sydney | Exact,,,,,,,,,,,Installation,,install water filter,Exact,Enabled,,,,,,,,,,,,,,,,,,,,,,,,
WFS | Search | Sydney | Exact,,,,,,,,,,,Installation,,water filter installation service,Exact,Enabled,,,,,,,,,,,,,,,,,,,,,,,,
WFS | Search | Sydney | Exact,,,,,,,,,,,Installation,,water filter installers,Exact,Enabled,,,,,,,,,,,,,,,,,,,,,,,,
WFS | Search | Sydney | Exact,,,,,,,,,,,Installation,,water filtration installers near me,Exact,Enabled,,,,,,,,,,,,,,,,,,,,,,,,
WFS | Search | Sydney | Exact,,,,,,,,,,,Installation,,water filter plumber,Exact,Enabled,,,,,,,,,,,,,,,,,,,,,,,,
WFS | Search | Sydney | Exact,,,,,,,,,,,Installation,,water filter plumber sydney,Exact,Enabled,,,,,,,,,,,,,,,,,,,,,,,,
WFS | Search | Sydney | Exact,,,,,,,,,,,Installation,,water filter sydney,Exact,Enabled,,,,,,,,,,,,,,,,,,,,,,,,
WFS | Search | Sydney | Exact,,,,,,,,,,,Installation,,water filters sydney,Exact,Enabled,,,,,,,,,,,,,,,,,,,,,,,,
WFS | Search | Sydney | Exact,,,,,,,,,,,Installation,,water filtration sydney,Exact,Enabled,,,,,,,,,,,,,,,,,,,,,,,,
WFS | Search | Sydney | Exact,,,,,,,,,,,Installation,,,,Enabled,Responsive search ad,{KeyWord:Water Filter Installation},Water Filters Installed,Filters Fitted by a Plumber,$0 Callout Across Sydney,Licensed Plumber Installs It,We Install. We Answer For It,Lifetime Labour Warranty,Leak-Tested Before We Leave,Isolation Valves Both Sides,"Installed Neat, Left Clean",Not a Kit. A Licensed Install,WaterMark Certified Parts,Pressure-Tested Joints,Book a Licensed Installer,Servicing Clearance Built In,1,"{KeyWord:Water Filter Installation} by a NSW licensed plumber. Valves fitted, joints tested.","Lifetime warranty on our installation labour. If our workmanship fails, we come back.",Housings mounted where the sumps can actually be dropped at change time. Area left clean.,"Installed, pressure-tested and commissioned in one visit. Flow checked before we leave.",Installation,Sydney,https://install.waterfiltration.sydney/
WFS | Search | Sydney | Exact,,,,,,,,,,,Installation,,,,Enabled,Responsive search ad,{KeyWord:Water Filter Installation},Water Filters Installed,Filters Fitted by a Plumber,"Whole Home + RO $5,500 Fitted",Cartridge Costs Upfront,Know the Running Cost First,No Surprise at First Service,Fixed Installed Price,"Pressure Checked, Then Sized",Flow Checked Before We Leave,Sized to Your Home's Flow,We Say What It Won't Fix,Quote Lists Every Cartridge,Every Cartridge Priced,Change Intervals Explained,1,Your quote shows the fixed installed price and what each replacement cartridge costs.,We check incoming pressure and peak demand before we specify any whole-house system.,"{KeyWord:Water Filter Installation}: fixed price, every cartridge listed.","We tell you what a system is designed to reduce and what it is not, before you spend.",Installation,Sydney,https://install.waterfiltration.sydney/
WFS | Search | Sydney | Exact,,,,,,,,,,,Installation,,,,Enabled,Responsive search ad,{KeyWord:Water Filter Installation},Water Filters Installed,Filters Fitted by a Plumber,Free Water Assessment,Your Fixed Price Upfront,"No Pressure, No Obligation",Nothing Booked Till You Agree,"One Price, One Plumber",Compare Us Properly,Sometimes Under-Sink Is Enough,"Honest Advice, Fixed Price",Get a Free Quote,Talk to the Plumber Direct,"Plumber-Led Quote, Not a Pitch","Fixed Price, Cartridges Listed",1,"No obligation, no pressure. Nothing is booked until you have the price.","Fixed installed price with the running costs shown, so you can compare us fairly.","Mainly want better drinking water? Under-sink may be all you need, and we will say so.","{KeyWord:Water Filter Installation} quote from a licensed plumber. Fixed price, no obligation.",Installation,Sydney,https://install.waterfiltration.sydney/
WFS | Search | Sydney | Exact,,,,,,,,,,,Whole House,Enabled,,,,,,,,,,,,,,,,,,,,,,,,,,,
WFS | Search | Sydney | Exact,,,,,,,,,,,Whole House,,whole house water filter installation,Exact,Enabled,,,,,,,,,,,,,,,,,,,,,,,,
WFS | Search | Sydney | Exact,,,,,,,,,,,Whole House,,whole house water filtration installation,Exact,Enabled,,,,,,,,,,,,,,,,,,,,,,,,
WFS | Search | Sydney | Exact,,,,,,,,,,,Whole House,,whole house water filter sydney,Exact,Enabled,,,,,,,,,,,,,,,,,,,,,,,,
WFS | Search | Sydney | Exact,,,,,,,,,,,Whole House,,whole house water filters sydney,Exact,Enabled,,,,,,,,,,,,,,,,,,,,,,,,
WFS | Search | Sydney | Exact,,,,,,,,,,,Whole House,,whole house water filtration system sydney,Exact,Enabled,,,,,,,,,,,,,,,,,,,,,,,,
WFS | Search | Sydney | Exact,,,,,,,,,,,Whole House,,whole home water filter installation,Exact,Enabled,,,,,,,,,,,,,,,,,,,,,,,,
WFS | Search | Sydney | Exact,,,,,,,,,,,Whole House,,whole house filter installation,Exact,Enabled,,,,,,,,,,,,,,,,,,,,,,,,
WFS | Search | Sydney | Exact,,,,,,,,,,,Whole House,,whole house water filtration sydney,Exact,Enabled,,,,,,,,,,,,,,,,,,,,,,,,
WFS | Search | Sydney | Exact,,,,,,,,,,,Whole House,,,,Enabled,Responsive search ad,{KeyWord:Whole House Water Filters},Filtered Water at Every Tap,Whole-House Filters Installed,$0 Callout Across Sydney,Licensed Plumber Installs It,We Install. We Answer For It,Lifetime Labour Warranty,Leak-Tested Before We Leave,Isolation Valves Both Sides,"Installed Neat, Left Clean",Not a Kit. A Licensed Install,WaterMark Certified Parts,Pressure-Tested Joints,Book a Licensed Installer,Servicing Clearance Built In,1,"{KeyWord:Whole House Water Filters} by a NSW licensed plumber. Valves fitted, joints tested.","Lifetime warranty on our installation labour. If our workmanship fails, we come back.",Housings mounted where the sumps can actually be dropped at change time. Area left clean.,"Installed, pressure-tested and commissioned in one visit. Flow checked before we leave.",Installation,Sydney,https://install.waterfiltration.sydney/
WFS | Search | Sydney | Exact,,,,,,,,,,,Whole House,,,,Enabled,Responsive search ad,{KeyWord:Whole House Water Filters},Filtered Water at Every Tap,Whole-House Filters Installed,"Whole Home + RO $5,500 Fitted",Cartridge Costs Upfront,Know the Running Cost First,No Surprise at First Service,Fixed Installed Price,"Pressure Checked, Then Sized",Flow Checked Before We Leave,Sized to Your Home's Flow,We Say What It Won't Fix,Quote Lists Every Cartridge,Every Cartridge Priced,Change Intervals Explained,1,Your quote shows the fixed installed price and what each replacement cartridge costs.,We check incoming pressure and peak demand before we specify any whole-house system.,"{KeyWord:Whole House Water Filters}: fixed price, every cartridge listed.","We tell you what a system is designed to reduce and what it is not, before you spend.",Installation,Sydney,https://install.waterfiltration.sydney/
WFS | Search | Sydney | Exact,,,,,,,,,,,Whole House,,,,Enabled,Responsive search ad,{KeyWord:Whole House Water Filters},Filtered Water at Every Tap,Whole-House Filters Installed,Free Water Assessment,Your Fixed Price Upfront,"No Pressure, No Obligation",Nothing Booked Till You Agree,"One Price, One Plumber",Compare Us Properly,Sometimes Under-Sink Is Enough,"Honest Advice, Fixed Price",Get a Free Quote,Talk to the Plumber Direct,"Plumber-Led Quote, Not a Pitch","Fixed Price, Cartridges Listed",1,"No obligation, no pressure. Nothing is booked until you have the price.","Fixed installed price with the running costs shown, so you can compare us fairly.","Mainly want better drinking water? Under-sink may be all you need, and we will say so.","{KeyWord:Whole House Water Filters} quote from a licensed plumber. Fixed price, no obligation.",Installation,Sydney,https://install.waterfiltration.sydney/
WFS | Search | Sydney | Exact,,,,,,,,,,,Under-Sink & Filter Taps,Enabled,,,,,,,,,,,,,,,,,,,,,,,,,,,
WFS | Search | Sydney | Exact,,,,,,,,,,,Under-Sink & Filter Taps,,under sink water filter installation,Exact,Enabled,,,,,,,,,,,,,,,,,,,,,,,,
WFS | Search | Sydney | Exact,,,,,,,,,,,Under-Sink & Filter Taps,,under sink water filter sydney,Exact,Enabled,,,,,,,,,,,,,,,,,,,,,,,,
WFS | Search | Sydney | Exact,,,,,,,,,,,Under-Sink & Filter Taps,,water filter tap installation,Exact,Enabled,,,,,,,,,,,,,,,,,,,,,,,,
WFS | Search | Sydney | Exact,,,,,,,,,,,Under-Sink & Filter Taps,,filtered water tap installation,Exact,Enabled,,,,,,,,,,,,,,,,,,,,,,,,
WFS | Search | Sydney | Exact,,,,,,,,,,,Under-Sink & Filter Taps,,drinking water filter installation,Exact,Enabled,,,,,,,,,,,,,,,,,,,,,,,,
WFS | Search | Sydney | Exact,,,,,,,,,,,Under-Sink & Filter Taps,,under sink water filter system sydney,Exact,Enabled,,,,,,,,,,,,,,,,,,,,,,,,
WFS | Search | Sydney | Exact,,,,,,,,,,,Under-Sink & Filter Taps,,,,Enabled,Responsive search ad,{KeyWord:Under Sink Water Filters},Under-Sink Filters Installed,Filter Taps Fitted Neatly,$0 Callout Across Sydney,Licensed Plumber Installs It,We Install. We Answer For It,Lifetime Labour Warranty,Leak-Tested Before We Leave,Isolation Valves Both Sides,"Installed Neat, Left Clean",Not a Kit. A Licensed Install,WaterMark Certified Parts,Pressure-Tested Joints,Book a Licensed Installer,Servicing Clearance Built In,1,"{KeyWord:Under Sink Water Filters} by a NSW licensed plumber. Valves fitted, joints tested.","Lifetime warranty on our installation labour. If our workmanship fails, we come back.",Housings mounted where the sumps can actually be dropped at change time. Area left clean.,"Installed, pressure-tested and commissioned in one visit. Flow checked before we leave.",Installation,Sydney,https://install.waterfiltration.sydney/
WFS | Search | Sydney | Exact,,,,,,,,,,,Under-Sink & Filter Taps,,,,Enabled,Responsive search ad,{KeyWord:Under Sink Water Filters},Under-Sink Filters Installed,Filter Taps Fitted Neatly,"Whole Home + RO $5,500 Fitted",Cartridge Costs Upfront,Know the Running Cost First,No Surprise at First Service,Fixed Installed Price,"Pressure Checked, Then Sized",Flow Checked Before We Leave,Sized to Your Home's Flow,We Say What It Won't Fix,Quote Lists Every Cartridge,Every Cartridge Priced,Change Intervals Explained,1,Your quote shows the fixed installed price and what each replacement cartridge costs.,We check incoming pressure and peak demand before we specify any whole-house system.,"{KeyWord:Under Sink Water Filters}: fixed price, every cartridge listed.","We tell you what a system is designed to reduce and what it is not, before you spend.",Installation,Sydney,https://install.waterfiltration.sydney/
WFS | Search | Sydney | Exact,,,,,,,,,,,Under-Sink & Filter Taps,,,,Enabled,Responsive search ad,{KeyWord:Under Sink Water Filters},Under-Sink Filters Installed,Filter Taps Fitted Neatly,Free Water Assessment,Your Fixed Price Upfront,"No Pressure, No Obligation",Nothing Booked Till You Agree,"One Price, One Plumber",Compare Us Properly,Sometimes Under-Sink Is Enough,"Honest Advice, Fixed Price",Get a Free Quote,Talk to the Plumber Direct,"Plumber-Led Quote, Not a Pitch","Fixed Price, Cartridges Listed",1,"No obligation, no pressure. Nothing is booked until you have the price.","Fixed installed price with the running costs shown, so you can compare us fairly.","Mainly want better drinking water? Under-sink may be all you need, and we will say so.","{KeyWord:Under Sink Water Filters} quote from a licensed plumber. Fixed price, no obligation.",Installation,Sydney,https://install.waterfiltration.sydney/
WFS | Search | Sydney | Exact,,,,,,,,,,,Reverse Osmosis,Enabled,,,,,,,,,,,,,,,,,,,,,,,,,,,
WFS | Search | Sydney | Exact,,,,,,,,,,,Reverse Osmosis,,reverse osmosis installation,Exact,Enabled,,,,,,,,,,,,,,,,,,,,,,,,
WFS | Search | Sydney | Exact,,,,,,,,,,,Reverse Osmosis,,reverse osmosis sydney,Exact,Enabled,,,,,,,,,,,,,,,,,,,,,,,,
WFS | Search | Sydney | Exact,,,,,,,,,,,Reverse Osmosis,,reverse osmosis water filter sydney,Exact,Enabled,,,,,,,,,,,,,,,,,,,,,,,,
WFS | Search | Sydney | Exact,,,,,,,,,,,Reverse Osmosis,,reverse osmosis installation sydney,Exact,Enabled,,,,,,,,,,,,,,,,,,,,,,,,
WFS | Search | Sydney | Exact,,,,,,,,,,,Reverse Osmosis,,ro water filter installation,Exact,Enabled,,,,,,,,,,,,,,,,,,,,,,,,
WFS | Search | Sydney | Exact,,,,,,,,,,,Reverse Osmosis,,reverse osmosis filter sydney,Exact,Enabled,,,,,,,,,,,,,,,,,,,,,,,,
WFS | Search | Sydney | Exact,,,,,,,,,,,Reverse Osmosis,,,,Enabled,Responsive search ad,{KeyWord:Reverse Osmosis Systems},Reverse Osmosis Installed,RO Sized to Your Pressure,$0 Callout Across Sydney,Licensed Plumber Installs It,We Install. We Answer For It,Lifetime Labour Warranty,Leak-Tested Before We Leave,Isolation Valves Both Sides,"Installed Neat, Left Clean",Not a Kit. A Licensed Install,WaterMark Certified Parts,Pressure-Tested Joints,Book a Licensed Installer,Servicing Clearance Built In,1,"{KeyWord:Reverse Osmosis Systems} by a NSW licensed plumber. Valves fitted, joints tested.","Lifetime warranty on our installation labour. If our workmanship fails, we come back.",Housings mounted where the sumps can actually be dropped at change time. Area left clean.,"Installed, pressure-tested and commissioned in one visit. Flow checked before we leave.",Installation,Sydney,https://install.waterfiltration.sydney/
WFS | Search | Sydney | Exact,,,,,,,,,,,Reverse Osmosis,,,,Enabled,Responsive search ad,{KeyWord:Reverse Osmosis Systems},Reverse Osmosis Installed,RO Sized to Your Pressure,"Whole Home + RO $5,500 Fitted",Cartridge Costs Upfront,Know the Running Cost First,No Surprise at First Service,Fixed Installed Price,"Pressure Checked, Then Sized",Flow Checked Before We Leave,Sized to Your Home's Flow,We Say What It Won't Fix,Quote Lists Every Cartridge,Every Cartridge Priced,Change Intervals Explained,1,Your quote shows the fixed installed price and what each replacement cartridge costs.,We check incoming pressure and peak demand before we specify any whole-house system.,"{KeyWord:Reverse Osmosis Systems}: fixed price, every cartridge listed.","We tell you what a system is designed to reduce and what it is not, before you spend.",Installation,Sydney,https://install.waterfiltration.sydney/
WFS | Search | Sydney | Exact,,,,,,,,,,,Reverse Osmosis,,,,Enabled,Responsive search ad,{KeyWord:Reverse Osmosis Systems},Reverse Osmosis Installed,RO Sized to Your Pressure,Free Water Assessment,Your Fixed Price Upfront,"No Pressure, No Obligation",Nothing Booked Till You Agree,"One Price, One Plumber",Compare Us Properly,Sometimes Under-Sink Is Enough,"Honest Advice, Fixed Price",Get a Free Quote,Talk to the Plumber Direct,"Plumber-Led Quote, Not a Pitch","Fixed Price, Cartridges Listed",1,"No obligation, no pressure. Nothing is booked until you have the price.","Fixed installed price with the running costs shown, so you can compare us fairly.","Mainly want better drinking water? Under-sink may be all you need, and we will say so.","{KeyWord:Reverse Osmosis Systems} quote from a licensed plumber. Fixed price, no obligation.",Installation,Sydney,https://install.waterfiltration.sydney/
WFS | Search | Sydney | Exact,,,,,,,,,,,Service & Replacement,Enabled,,,,,,,,,,,,,,,,,,,,,,,,,,,
WFS | Search | Sydney | Exact,,,,,,,,,,,Service & Replacement,,water filter service,Exact,Enabled,,,,,,,,,,,,,,,,,,,,,,,,
WFS | Search | Sydney | Exact,,,,,,,,,,,Service & Replacement,,water filter services,Exact,Enabled,,,,,,,,,,,,,,,,,,,,,,,,
WFS | Search | Sydney | Exact,,,,,,,,,,,Service & Replacement,,water filter servicing,Exact,Enabled,,,,,,,,,,,,,,,,,,,,,,,,
WFS | Search | Sydney | Exact,,,,,,,,,,,Service & Replacement,,,,Enabled,Responsive search ad,{KeyWord:Water Filter Servicing},Cartridges Replaced & Serviced,We Service Other Brands Too,$0 Callout Across Sydney,Licensed Plumber Installs It,We Install. We Answer For It,Lifetime Labour Warranty,Leak-Tested Before We Leave,Isolation Valves Both Sides,"Installed Neat, Left Clean",Not a Kit. A Licensed Install,WaterMark Certified Parts,Pressure-Tested Joints,Book a Licensed Installer,Servicing Clearance Built In,1,"{KeyWord:Water Filter Servicing} by a NSW licensed plumber. Valves fitted, joints tested.","Lifetime warranty on our installation labour. If our workmanship fails, we come back.",Housings mounted where the sumps can actually be dropped at change time. Area left clean.,"Installed, pressure-tested and commissioned in one visit. Flow checked before we leave.",Installation,Sydney,https://install.waterfiltration.sydney/
WFS | Search | Sydney | Exact,,,,,,,,,,,Service & Replacement,,,,Enabled,Responsive search ad,{KeyWord:Water Filter Servicing},Cartridges Replaced & Serviced,We Service Other Brands Too,"Whole Home + RO $5,500 Fitted",Cartridge Costs Upfront,Know the Running Cost First,No Surprise at First Service,Fixed Installed Price,"Pressure Checked, Then Sized",Flow Checked Before We Leave,Sized to Your Home's Flow,We Say What It Won't Fix,Quote Lists Every Cartridge,Every Cartridge Priced,Change Intervals Explained,1,Your quote shows the fixed installed price and what each replacement cartridge costs.,We check incoming pressure and peak demand before we specify any whole-house system.,"{KeyWord:Water Filter Servicing}: fixed price, every cartridge listed.","We tell you what a system is designed to reduce and what it is not, before you spend.",Installation,Sydney,https://install.waterfiltration.sydney/
WFS | Search | Sydney | Exact,,,,,,,,,,,Service & Replacement,,,,Enabled,Responsive search ad,{KeyWord:Water Filter Servicing},Cartridges Replaced & Serviced,We Service Other Brands Too,Free Water Assessment,Your Fixed Price Upfront,"No Pressure, No Obligation",Nothing Booked Till You Agree,"One Price, One Plumber",Compare Us Properly,Sometimes Under-Sink Is Enough,"Honest Advice, Fixed Price",Get a Free Quote,Talk to the Plumber Direct,"Plumber-Led Quote, Not a Pitch","Fixed Price, Cartridges Listed",1,"No obligation, no pressure. Nothing is booked until you have the price.","Fixed installed price with the running costs shown, so you can compare us fairly.","Mainly want better drinking water? Under-sink may be all you need, and we will say so.","{KeyWord:Water Filter Servicing} quote from a licensed plumber. Fixed price, no obligation.",Installation,Sydney,https://install.waterfiltration.sydney/
WFS | Search | Newcastle | Exact,Search,Google search,10.00,Daily,Maximize clicks,13.00,Paused,en,(Monday[08:00-20:00]);(Tuesday[08:00-20:00]);(Wednesday[08:00-20:00]);(Thursday[08:00-20:00]);(Friday[08:00-20:00]);(Saturday[08:00-20:00]);(Sunday[08:00-20:00]),,,,,,,,,,,,,,,,,,,,,,,,,,,,,,
WFS | Search | Newcastle | Exact,,,,,,,,,,1000255,,,,,,,,,,,,,,,,,,,,,,,,,,,,,
WFS | Search | Newcastle | Exact,,,,,,,,,,9072202,,,,,,,,,,,,,,,,,,,,,,,,,,,,,
WFS | Search | Newcastle | Exact,,,,,,,,,,9072203,,,,,,,,,,,,,,,,,,,,,,,,,,,,,
WFS | Search | Newcastle | Exact,,,,,,,,,,9072214,,,,,,,,,,,,,,,,,,,,,,,,,,,,,
WFS | Search | Newcastle | Exact,,,,,,,,,,9072204,,,,,,,,,,,,,,,,,,,,,,,,,,,,,
WFS | Search | Newcastle | Exact,,,,,,,,,,9072213,,,,,,,,,,,,,,,,,,,,,,,,,,,,,
WFS | Search | Newcastle | Exact,,,,,,,,,,9072220,,,,,,,,,,,,,,,,,,,,,,,,,,,,,
WFS | Search | Newcastle | Exact,,,,,,,,,,9072211,,,,,,,,,,,,,,,,,,,,,,,,,,,,,
WFS | Search | Newcastle | Exact,,,,,,,,,,9072209,,,,,,,,,,,,,,,,,,,,,,,,,,,,,
WFS | Search | Newcastle | Exact,,,,,,,,,,9072215,,,,,,,,,,,,,,,,,,,,,,,,,,,,,
WFS | Search | Newcastle | Exact,,,,,,,,,,9072216,,,,,,,,,,,,,,,,,,,,,,,,,,,,,
WFS | Search | Newcastle | Exact,,,,,,,,,,9072201,,,,,,,,,,,,,,,,,,,,,,,,,,,,,
WFS | Search | Newcastle | Exact,,,,,,,,,,9072218,,,,,,,,,,,,,,,,,,,,,,,,,,,,,
WFS | Search | Newcastle | Exact,,,,,,,,,,9072194,,,,,,,,,,,,,,,,,,,,,,,,,,,,,
WFS | Search | Newcastle | Exact,,,,,,,,,,9072196,,,,,,,,,,,,,,,,,,,,,,,,,,,,,
WFS | Search | Newcastle | Exact,,,,,,,,,,9072193,,,,,,,,,,,,,,,,,,,,,,,,,,,,,
WFS | Search | Newcastle | Exact,,,,,,,,,,9072197,,,,,,,,,,,,,,,,,,,,,,,,,,,,,
WFS | Search | Newcastle | Exact,,,,,,,,,,9072200,,,,,,,,,,,,,,,,,,,,,,,,,,,,,
WFS | Search | Newcastle | Exact,,,,,,,,,,9072198,,,,,,,,,,,,,,,,,,,,,,,,,,,,,
WFS | Search | Newcastle | Exact,,,,,,,,,,9072195,,,,,,,,,,,,,,,,,,,,,,,,,,,,,
WFS | Search | Newcastle | Exact,,,,,,,,,,9072219,,,,,,,,,,,,,,,,,,,,,,,,,,,,,
WFS | Search | Newcastle | Exact,,,,,,,,,,9072223,,,,,,,,,,,,,,,,,,,,,,,,,,,,,
WFS | Search | Newcastle | Exact,,,,,,,,,,9072199,,,,,,,,,,,,,,,,,,,,,,,,,,,,,
WFS | Search | Newcastle | Exact,,,,,,,,,,9072217,,,,,,,,,,,,,,,,,,,,,,,,,,,,,
WFS | Search | Newcastle | Exact,,,,,,,,,,9072221,,,,,,,,,,,,,,,,,,,,,,,,,,,,,
WFS | Search | Newcastle | Exact,,,,,,,,,,9072222,,,,,,,,,,,,,,,,,,,,,,,,,,,,,
WFS | Search | Newcastle | Exact,,,,,,,,,,9072225,,,,,,,,,,,,,,,,,,,,,,,,,,,,,
WFS | Search | Newcastle | Exact,,,,,,,,,,9072229,,,,,,,,,,,,,,,,,,,,,,,,,,,,,
WFS | Search | Newcastle | Exact,,,,,,,,,,9072224,,,,,,,,,,,,,,,,,,,,,,,,,,,,,
WFS | Search | Newcastle | Exact,,,,,,,,,,9072210,,,,,,,,,,,,,,,,,,,,,,,,,,,,,
WFS | Search | Newcastle | Exact,,,,,,,,,,9072233,,,,,,,,,,,,,,,,,,,,,,,,,,,,,
WFS | Search | Newcastle | Exact,,,,,,,,,,,Installation,Enabled,,,,,,,,,,,,,,,,,,,,,,,,,,,
WFS | Search | Newcastle | Exact,,,,,,,,,,,Installation,,water filter installation newcastle,Exact,Enabled,,,,,,,,,,,,,,,,,,,,,,,,
WFS | Search | Newcastle | Exact,,,,,,,,,,,Installation,,water filter installer newcastle,Exact,Enabled,,,,,,,,,,,,,,,,,,,,,,,,
WFS | Search | Newcastle | Exact,,,,,,,,,,,Installation,,water filter newcastle,Exact,Enabled,,,,,,,,,,,,,,,,,,,,,,,,
WFS | Search | Newcastle | Exact,,,,,,,,,,,Installation,,water filters newcastle,Exact,Enabled,,,,,,,,,,,,,,,,,,,,,,,,
WFS | Search | Newcastle | Exact,,,,,,,,,,,Installation,,water filtration newcastle,Exact,Enabled,,,,,,,,,,,,,,,,,,,,,,,,
WFS | Search | Newcastle | Exact,,,,,,,,,,,Installation,,water filter plumber newcastle,Exact,Enabled,,,,,,,,,,,,,,,,,,,,,,,,
WFS | Search | Newcastle | Exact,,,,,,,,,,,Installation,,water filter installation,Exact,Enabled,,,,,,,,,,,,,,,,,,,,,,,,
WFS | Search | Newcastle | Exact,,,,,,,,,,,Installation,,water filtration installation,Exact,Enabled,,,,,,,,,,,,,,,,,,,,,,,,
WFS | Search | Newcastle | Exact,,,,,,,,,,,Installation,,install water filter,Exact,Enabled,,,,,,,,,,,,,,,,,,,,,,,,
WFS | Search | Newcastle | Exact,,,,,,,,,,,Installation,,water filter installers,Exact,Enabled,,,,,,,,,,,,,,,,,,,,,,,,
WFS | Search | Newcastle | Exact,,,,,,,,,,,Installation,,water filter plumber,Exact,Enabled,,,,,,,,,,,,,,,,,,,,,,,,
WFS | Search | Newcastle | Exact,,,,,,,,,,,Installation,,,,Enabled,Responsive search ad,{KeyWord:Water Filters Newcastle},Water Filters Installed,Filters Fitted by a Plumber,Licensed Plumber Installs It,We Install. We Answer For It,Lifetime Labour Warranty,Leak-Tested Before We Leave,Isolation Valves Both Sides,"Installed Neat, Left Clean",Not a Kit. A Licensed Install,WaterMark Certified Parts,Pressure-Tested Joints,Book a Licensed Installer,Servicing Clearance Built In,Commissioned in One Visit,1,"{KeyWord:Water Filters Newcastle} by a NSW licensed plumber. Valves fitted, joints tested.","Lifetime warranty on our installation labour. If our workmanship fails, we come back.",Housings mounted where the sumps can actually be dropped at change time. Area left clean.,"Installed, pressure-tested and commissioned in one visit. Flow checked before we leave.",Installation,Newcastle,https://install.waterfiltration.sydney/newcastle
WFS | Search | Newcastle | Exact,,,,,,,,,,,Installation,,,,Enabled,Responsive search ad,{KeyWord:Water Filters Newcastle},Water Filters Installed,Filters Fitted by a Plumber,Cartridge Costs Upfront,Know the Running Cost First,No Surprise at First Service,Fixed Installed Price,"Pressure Checked, Then Sized",Flow Checked Before We Leave,Sized to Your Home's Flow,We Say What It Won't Fix,Quote Lists Every Cartridge,Every Cartridge Priced,Change Intervals Explained,"We Measure, Then Specify",1,Your quote shows the fixed installed price and what each replacement cartridge costs.,We check incoming pressure and peak demand before we specify any whole-house system.,"{KeyWord:Water Filters Newcastle}: fixed price, every cartridge listed.","We tell you what a system is designed to reduce and what it is not, before you spend.",Installation,Newcastle,https://install.waterfiltration.sydney/newcastle
WFS | Search | Newcastle | Exact,,,,,,,,,,,Installation,,,,Enabled,Responsive search ad,{KeyWord:Water Filters Newcastle},Water Filters Installed,Filters Fitted by a Plumber,Your Fixed Price Upfront,"No Pressure, No Obligation",Nothing Booked Till You Agree,"One Price, One Plumber",Compare Us Properly,Sometimes Under-Sink Is Enough,"Honest Advice, Fixed Price",Get a Free Quote,Talk to the Plumber Direct,"Plumber-Led Quote, Not a Pitch","Fixed Price, Cartridges Listed",Honest Advice on Your Water,1,"No obligation, no pressure. Nothing is booked until you have the price.","Fixed installed price with the running costs shown, so you can compare us fairly.","Mainly want better drinking water? Under-sink may be all you need, and we will say so.","{KeyWord:Water Filters Newcastle} quote from a licensed plumber. Fixed price, no obligation.",Installation,Newcastle,https://install.waterfiltration.sydney/newcastle
WFS | Search | Newcastle | Exact,,,,,,,,,,,Systems & Service,Enabled,,,,,,,,,,,,,,,,,,,,,,,,,,,
WFS | Search | Newcastle | Exact,,,,,,,,,,,Systems & Service,,whole house water filter newcastle,Exact,Enabled,,,,,,,,,,,,,,,,,,,,,,,,
WFS | Search | Newcastle | Exact,,,,,,,,,,,Systems & Service,,whole house water filtration newcastle,Exact,Enabled,,,,,,,,,,,,,,,,,,,,,,,,
WFS | Search | Newcastle | Exact,,,,,,,,,,,Systems & Service,,under sink water filter newcastle,Exact,Enabled,,,,,,,,,,,,,,,,,,,,,,,,
WFS | Search | Newcastle | Exact,,,,,,,,,,,Systems & Service,,reverse osmosis newcastle,Exact,Enabled,,,,,,,,,,,,,,,,,,,,,,,,
WFS | Search | Newcastle | Exact,,,,,,,,,,,Systems & Service,,water filter service newcastle,Exact,Enabled,,,,,,,,,,,,,,,,,,,,,,,,
WFS | Search | Newcastle | Exact,,,,,,,,,,,Systems & Service,,whole house water filter installation,Exact,Enabled,,,,,,,,,,,,,,,,,,,,,,,,
WFS | Search | Newcastle | Exact,,,,,,,,,,,Systems & Service,,under sink water filter installation,Exact,Enabled,,,,,,,,,,,,,,,,,,,,,,,,
WFS | Search | Newcastle | Exact,,,,,,,,,,,Systems & Service,,reverse osmosis installation,Exact,Enabled,,,,,,,,,,,,,,,,,,,,,,,,
WFS | Search | Newcastle | Exact,,,,,,,,,,,Systems & Service,,,,Enabled,Responsive search ad,{KeyWord:Filtration Newcastle},"Whole-House, Under-Sink & RO",Cartridges Replaced & Serviced,Licensed Plumber Installs It,We Install. We Answer For It,Lifetime Labour Warranty,Leak-Tested Before We Leave,Isolation Valves Both Sides,"Installed Neat, Left Clean",Not a Kit. A Licensed Install,WaterMark Certified Parts,Pressure-Tested Joints,Book a Licensed Installer,Servicing Clearance Built In,Commissioned in One Visit,1,"{KeyWord:Filtration Newcastle} by a NSW licensed plumber. Valves fitted, joints tested.","Lifetime warranty on our installation labour. If our workmanship fails, we come back.",Housings mounted where the sumps can actually be dropped at change time. Area left clean.,"Installed, pressure-tested and commissioned in one visit. Flow checked before we leave.",Installation,Newcastle,https://install.waterfiltration.sydney/newcastle
WFS | Search | Newcastle | Exact,,,,,,,,,,,Systems & Service,,,,Enabled,Responsive search ad,{KeyWord:Filtration Newcastle},"Whole-House, Under-Sink & RO",Cartridges Replaced & Serviced,Cartridge Costs Upfront,Know the Running Cost First,No Surprise at First Service,Fixed Installed Price,"Pressure Checked, Then Sized",Flow Checked Before We Leave,Sized to Your Home's Flow,We Say What It Won't Fix,Quote Lists Every Cartridge,Every Cartridge Priced,Change Intervals Explained,"We Measure, Then Specify",1,Your quote shows the fixed installed price and what each replacement cartridge costs.,We check incoming pressure and peak demand before we specify any whole-house system.,"{KeyWord:Filtration Newcastle}: fixed price, every cartridge listed.","We tell you what a system is designed to reduce and what it is not, before you spend.",Installation,Newcastle,https://install.waterfiltration.sydney/newcastle
WFS | Search | Newcastle | Exact,,,,,,,,,,,Systems & Service,,,,Enabled,Responsive search ad,{KeyWord:Filtration Newcastle},"Whole-House, Under-Sink & RO",Cartridges Replaced & Serviced,Your Fixed Price Upfront,"No Pressure, No Obligation",Nothing Booked Till You Agree,"One Price, One Plumber",Compare Us Properly,Sometimes Under-Sink Is Enough,"Honest Advice, Fixed Price",Get a Free Quote,Talk to the Plumber Direct,"Plumber-Led Quote, Not a Pitch","Fixed Price, Cartridges Listed",Honest Advice on Your Water,1,"No obligation, no pressure. Nothing is booked until you have the price.","Fixed installed price with the running costs shown, so you can compare us fairly.","Mainly want better drinking water? Under-sink may be all you need, and we will say so.","{KeyWord:Filtration Newcastle} quote from a licensed plumber. Fixed price, no obligation.",Installation,Newcastle,https://install.waterfiltration.sydney/newcastle
WFS | Search | Wollongong | Exact,Search,Google search,10.00,Daily,Maximize clicks,13.00,Paused,en,(Monday[08:00-20:00]);(Tuesday[08:00-20:00]);(Wednesday[08:00-20:00]);(Thursday[08:00-20:00]);(Friday[08:00-20:00]);(Saturday[08:00-20:00]);(Sunday[08:00-20:00]),,,,,,,,,,,,,,,,,,,,,,,,,,,,,,
WFS | Search | Wollongong | Exact,,,,,,,,,,1000314,,,,,,,,,,,,,,,,,,,,,,,,,,,,,
WFS | Search | Wollongong | Exact,,,,,,,,,,9071919,,,,,,,,,,,,,,,,,,,,,,,,,,,,,
WFS | Search | Wollongong | Exact,,,,,,,,,,9071914,,,,,,,,,,,,,,,,,,,,,,,,,,,,,
WFS | Search | Wollongong | Exact,,,,,,,,,,9071916,,,,,,,,,,,,,,,,,,,,,,,,,,,,,
WFS | Search | Wollongong | Exact,,,,,,,,,,9071911,,,,,,,,,,,,,,,,,,,,,,,,,,,,,
WFS | Search | Wollongong | Exact,,,,,,,,,,9071894,,,,,,,,,,,,,,,,,,,,,,,,,,,,,
WFS | Search | Wollongong | Exact,,,,,,,,,,9071892,,,,,,,,,,,,,,,,,,,,,,,,,,,,,
WFS | Search | Wollongong | Exact,,,,,,,,,,9071921,,,,,,,,,,,,,,,,,,,,,,,,,,,,,
WFS | Search | Wollongong | Exact,,,,,,,,,,9071922,,,,,,,,,,,,,,,,,,,,,,,,,,,,,
WFS | Search | Wollongong | Exact,,,,,,,,,,9071923,,,,,,,,,,,,,,,,,,,,,,,,,,,,,
WFS | Search | Wollongong | Exact,,,,,,,,,,9071920,,,,,,,,,,,,,,,,,,,,,,,,,,,,,
WFS | Search | Wollongong | Exact,,,,,,,,,,9071915,,,,,,,,,,,,,,,,,,,,,,,,,,,,,
WFS | Search | Wollongong | Exact,,,,,,,,,,9071917,,,,,,,,,,,,,,,,,,,,,,,,,,,,,
WFS | Search | Wollongong | Exact,,,,,,,,,,9071918,,,,,,,,,,,,,,,,,,,,,,,,,,,,,
WFS | Search | Wollongong | Exact,,,,,,,,,,9071927,,,,,,,,,,,,,,,,,,,,,,,,,,,,,
WFS | Search | Wollongong | Exact,,,,,,,,,,9071913,,,,,,,,,,,,,,,,,,,,,,,,,,,,,
WFS | Search | Wollongong | Exact,,,,,,,,,,9071924,,,,,,,,,,,,,,,,,,,,,,,,,,,,,
WFS | Search | Wollongong | Exact,,,,,,,,,,9071912,,,,,,,,,,,,,,,,,,,,,,,,,,,,,
WFS | Search | Wollongong | Exact,,,,,,,,,,9071926,,,,,,,,,,,,,,,,,,,,,,,,,,,,,
WFS | Search | Wollongong | Exact,,,,,,,,,,9071928,,,,,,,,,,,,,,,,,,,,,,,,,,,,,
WFS | Search | Wollongong | Exact,,,,,,,,,,9193786,,,,,,,,,,,,,,,,,,,,,,,,,,,,,
WFS | Search | Wollongong | Exact,,,,,,,,,,9193023,,,,,,,,,,,,,,,,,,,,,,,,,,,,,
WFS | Search | Wollongong | Exact,,,,,,,,,,9192992,,,,,,,,,,,,,,,,,,,,,,,,,,,,,
WFS | Search | Wollongong | Exact,,,,,,,,,,9191385,,,,,,,,,,,,,,,,,,,,,,,,,,,,,
WFS | Search | Wollongong | Exact,,,,,,,,,,9190489,,,,,,,,,,,,,,,,,,,,,,,,,,,,,
WFS | Search | Wollongong | Exact,,,,,,,,,,9191758,,,,,,,,,,,,,,,,,,,,,,,,,,,,,
WFS | Search | Wollongong | Exact,,,,,,,,,,9221553,,,,,,,,,,,,,,,,,,,,,,,,,,,,,
WFS | Search | Wollongong | Exact,,,,,,,,,,9192988,,,,,,,,,,,,,,,,,,,,,,,,,,,,,
WFS | Search | Wollongong | Exact,,,,,,,,,,1000225,,,,,,,,,,,,,,,,,,,,,,,,,,,,,
WFS | Search | Wollongong | Exact,,,,,,,,,,9193186,,,,,,,,,,,,,,,,,,,,,,,,,,,,,
WFS | Search | Wollongong | Exact,,,,,,,,,,9210140,,,,,,,,,,,,,,,,,,,,,,,,,,,,,
WFS | Search | Wollongong | Exact,,,,,,,,,,,Installation,Enabled,,,,,,,,,,,,,,,,,,,,,,,,,,,
WFS | Search | Wollongong | Exact,,,,,,,,,,,Installation,,water filter installation wollongong,Exact,Enabled,,,,,,,,,,,,,,,,,,,,,,,,
WFS | Search | Wollongong | Exact,,,,,,,,,,,Installation,,water filter installer wollongong,Exact,Enabled,,,,,,,,,,,,,,,,,,,,,,,,
WFS | Search | Wollongong | Exact,,,,,,,,,,,Installation,,water filter wollongong,Exact,Enabled,,,,,,,,,,,,,,,,,,,,,,,,
WFS | Search | Wollongong | Exact,,,,,,,,,,,Installation,,water filters wollongong,Exact,Enabled,,,,,,,,,,,,,,,,,,,,,,,,
WFS | Search | Wollongong | Exact,,,,,,,,,,,Installation,,water filtration wollongong,Exact,Enabled,,,,,,,,,,,,,,,,,,,,,,,,
WFS | Search | Wollongong | Exact,,,,,,,,,,,Installation,,water filter plumber wollongong,Exact,Enabled,,,,,,,,,,,,,,,,,,,,,,,,
WFS | Search | Wollongong | Exact,,,,,,,,,,,Installation,,water filter installation,Exact,Enabled,,,,,,,,,,,,,,,,,,,,,,,,
WFS | Search | Wollongong | Exact,,,,,,,,,,,Installation,,water filtration installation,Exact,Enabled,,,,,,,,,,,,,,,,,,,,,,,,
WFS | Search | Wollongong | Exact,,,,,,,,,,,Installation,,install water filter,Exact,Enabled,,,,,,,,,,,,,,,,,,,,,,,,
WFS | Search | Wollongong | Exact,,,,,,,,,,,Installation,,water filter installers,Exact,Enabled,,,,,,,,,,,,,,,,,,,,,,,,
WFS | Search | Wollongong | Exact,,,,,,,,,,,Installation,,water filter plumber,Exact,Enabled,,,,,,,,,,,,,,,,,,,,,,,,
WFS | Search | Wollongong | Exact,,,,,,,,,,,Installation,,,,Enabled,Responsive search ad,{KeyWord:Water Filters Wollongong},Water Filters Installed,Filters Fitted by a Plumber,Licensed Plumber Installs It,We Install. We Answer For It,Lifetime Labour Warranty,Leak-Tested Before We Leave,Isolation Valves Both Sides,"Installed Neat, Left Clean",Not a Kit. A Licensed Install,WaterMark Certified Parts,Pressure-Tested Joints,Book a Licensed Installer,Servicing Clearance Built In,Commissioned in One Visit,1,"{KeyWord:Water Filters Wollongong} by a NSW licensed plumber. Valves fitted, joints tested.","Lifetime warranty on our installation labour. If our workmanship fails, we come back.",Housings mounted where the sumps can actually be dropped at change time. Area left clean.,"Installed, pressure-tested and commissioned in one visit. Flow checked before we leave.",Installation,Wollongong,https://install.waterfiltration.sydney/wollongong
WFS | Search | Wollongong | Exact,,,,,,,,,,,Installation,,,,Enabled,Responsive search ad,{KeyWord:Water Filters Wollongong},Water Filters Installed,Filters Fitted by a Plumber,Cartridge Costs Upfront,Know the Running Cost First,No Surprise at First Service,Fixed Installed Price,"Pressure Checked, Then Sized",Flow Checked Before We Leave,Sized to Your Home's Flow,We Say What It Won't Fix,Quote Lists Every Cartridge,Every Cartridge Priced,Change Intervals Explained,"We Measure, Then Specify",1,Your quote shows the fixed installed price and what each replacement cartridge costs.,We check incoming pressure and peak demand before we specify any whole-house system.,"{KeyWord:Water Filters Wollongong}: fixed price, every cartridge listed.","We tell you what a system is designed to reduce and what it is not, before you spend.",Installation,Wollongong,https://install.waterfiltration.sydney/wollongong
WFS | Search | Wollongong | Exact,,,,,,,,,,,Installation,,,,Enabled,Responsive search ad,{KeyWord:Water Filters Wollongong},Water Filters Installed,Filters Fitted by a Plumber,Your Fixed Price Upfront,"No Pressure, No Obligation",Nothing Booked Till You Agree,"One Price, One Plumber",Compare Us Properly,Sometimes Under-Sink Is Enough,"Honest Advice, Fixed Price",Get a Free Quote,Talk to the Plumber Direct,"Plumber-Led Quote, Not a Pitch","Fixed Price, Cartridges Listed",Honest Advice on Your Water,1,"No obligation, no pressure. Nothing is booked until you have the price.","Fixed installed price with the running costs shown, so you can compare us fairly.","Mainly want better drinking water? Under-sink may be all you need, and we will say so.","{KeyWord:Water Filters Wollongong} quote from a licensed plumber. Fixed price, no obligation.",Installation,Wollongong,https://install.waterfiltration.sydney/wollongong
WFS | Search | Wollongong | Exact,,,,,,,,,,,Systems & Service,Enabled,,,,,,,,,,,,,,,,,,,,,,,,,,,
WFS | Search | Wollongong | Exact,,,,,,,,,,,Systems & Service,,whole house water filter wollongong,Exact,Enabled,,,,,,,,,,,,,,,,,,,,,,,,
WFS | Search | Wollongong | Exact,,,,,,,,,,,Systems & Service,,whole house water filtration wollongong,Exact,Enabled,,,,,,,,,,,,,,,,,,,,,,,,
WFS | Search | Wollongong | Exact,,,,,,,,,,,Systems & Service,,under sink water filter wollongong,Exact,Enabled,,,,,,,,,,,,,,,,,,,,,,,,
WFS | Search | Wollongong | Exact,,,,,,,,,,,Systems & Service,,reverse osmosis wollongong,Exact,Enabled,,,,,,,,,,,,,,,,,,,,,,,,
WFS | Search | Wollongong | Exact,,,,,,,,,,,Systems & Service,,water filter service wollongong,Exact,Enabled,,,,,,,,,,,,,,,,,,,,,,,,
WFS | Search | Wollongong | Exact,,,,,,,,,,,Systems & Service,,whole house water filter installation,Exact,Enabled,,,,,,,,,,,,,,,,,,,,,,,,
WFS | Search | Wollongong | Exact,,,,,,,,,,,Systems & Service,,under sink water filter installation,Exact,Enabled,,,,,,,,,,,,,,,,,,,,,,,,
WFS | Search | Wollongong | Exact,,,,,,,,,,,Systems & Service,,reverse osmosis installation,Exact,Enabled,,,,,,,,,,,,,,,,,,,,,,,,
WFS | Search | Wollongong | Exact,,,,,,,,,,,Systems & Service,,,,Enabled,Responsive search ad,{KeyWord:Filtration Wollongong},"Whole-House, Under-Sink & RO",Cartridges Replaced & Serviced,Licensed Plumber Installs It,We Install. We Answer For It,Lifetime Labour Warranty,Leak-Tested Before We Leave,Isolation Valves Both Sides,"Installed Neat, Left Clean",Not a Kit. A Licensed Install,WaterMark Certified Parts,Pressure-Tested Joints,Book a Licensed Installer,Servicing Clearance Built In,Commissioned in One Visit,1,"{KeyWord:Filtration Wollongong} by a NSW licensed plumber. Valves fitted, joints tested.","Lifetime warranty on our installation labour. If our workmanship fails, we come back.",Housings mounted where the sumps can actually be dropped at change time. Area left clean.,"Installed, pressure-tested and commissioned in one visit. Flow checked before we leave.",Installation,Wollongong,https://install.waterfiltration.sydney/wollongong
WFS | Search | Wollongong | Exact,,,,,,,,,,,Systems & Service,,,,Enabled,Responsive search ad,{KeyWord:Filtration Wollongong},"Whole-House, Under-Sink & RO",Cartridges Replaced & Serviced,Cartridge Costs Upfront,Know the Running Cost First,No Surprise at First Service,Fixed Installed Price,"Pressure Checked, Then Sized",Flow Checked Before We Leave,Sized to Your Home's Flow,We Say What It Won't Fix,Quote Lists Every Cartridge,Every Cartridge Priced,Change Intervals Explained,"We Measure, Then Specify",1,Your quote shows the fixed installed price and what each replacement cartridge costs.,We check incoming pressure and peak demand before we specify any whole-house system.,"{KeyWord:Filtration Wollongong}: fixed price, every cartridge listed.","We tell you what a system is designed to reduce and what it is not, before you spend.",Installation,Wollongong,https://install.waterfiltration.sydney/wollongong
WFS | Search | Wollongong | Exact,,,,,,,,,,,Systems & Service,,,,Enabled,Responsive search ad,{KeyWord:Filtration Wollongong},"Whole-House, Under-Sink & RO",Cartridges Replaced & Serviced,Your Fixed Price Upfront,"No Pressure, No Obligation",Nothing Booked Till You Agree,"One Price, One Plumber",Compare Us Properly,Sometimes Under-Sink Is Enough,"Honest Advice, Fixed Price",Get a Free Quote,Talk to the Plumber Direct,"Plumber-Led Quote, Not a Pitch","Fixed Price, Cartridges Listed",Honest Advice on Your Water,1,"No obligation, no pressure. Nothing is booked until you have the price.","Fixed installed price with the running costs shown, so you can compare us fairly.","Mainly want better drinking water? Under-sink may be all you need, and we will say so.","{KeyWord:Filtration Wollongong} quote from a licensed plumber. Fixed price, no obligation.",Installation,Wollongong,https://install.waterfiltration.sydney/wollongong
WFS | Search | Central Coast | Exact,Search,Google search,10.00,Daily,Maximize clicks,13.00,Paused,en,(Monday[08:00-20:00]);(Tuesday[08:00-20:00]);(Wednesday[08:00-20:00]);(Thursday[08:00-20:00]);(Friday[08:00-20:00]);(Saturday[08:00-20:00]);(Sunday[08:00-20:00]),,,,,,,,,,,,,,,,,,,,,,,,,,,,,,
WFS | Search | Central Coast | Exact,,,,,,,,,,1000594,,,,,,,,,,,,,,,,,,,,,,,,,,,,,
WFS | Search | Central Coast | Exact,,,,,,,,,,9071637,,,,,,,,,,,,,,,,,,,,,,,,,,,,,
WFS | Search | Central Coast | Exact,,,,,,,,,,9072184,,,,,,,,,,,,,,,,,,,,,,,,,,,,,
WFS | Search | Central Coast | Exact,,,,,,,,,,9071639,,,,,,,,,,,,,,,,,,,,,,,,,,,,,
WFS | Search | Central Coast | Exact,,,,,,,,,,9072185,,,,,,,,,,,,,,,,,,,,,,,,,,,,,
WFS | Search | Central Coast | Exact,,,,,,,,,,9072187,,,,,,,,,,,,,,,,,,,,,,,,,,,,,
WFS | Search | Central Coast | Exact,,,,,,,,,,9072189,,,,,,,,,,,,,,,,,,,,,,,,,,,,,
WFS | Search | Central Coast | Exact,,,,,,,,,,9072186,,,,,,,,,,,,,,,,,,,,,,,,,,,,,
WFS | Search | Central Coast | Exact,,,,,,,,,,9072188,,,,,,,,,,,,,,,,,,,,,,,,,,,,,
WFS | Search | Central Coast | Exact,,,,,,,,,,9072191,,,,,,,,,,,,,,,,,,,,,,,,,,,,,
WFS | Search | Central Coast | Exact,,,,,,,,,,9072192,,,,,,,,,,,,,,,,,,,,,,,,,,,,,
WFS | Search | Central Coast | Exact,,,,,,,,,,9072190,,,,,,,,,,,,,,,,,,,,,,,,,,,,,
WFS | Search | Central Coast | Exact,,,,,,,,,,9072206,,,,,,,,,,,,,,,,,,,,,,,,,,,,,
WFS | Search | Central Coast | Exact,,,,,,,,,,9189211,,,,,,,,,,,,,,,,,,,,,,,,,,,,,
WFS | Search | Central Coast | Exact,,,,,,,,,,9060866,,,,,,,,,,,,,,,,,,,,,,,,,,,,,
WFS | Search | Central Coast | Exact,,,,,,,,,,9194729,,,,,,,,,,,,,,,,,,,,,,,,,,,,,
WFS | Search | Central Coast | Exact,,,,,,,,,,9194090,,,,,,,,,,,,,,,,,,,,,,,,,,,,,
WFS | Search | Central Coast | Exact,,,,,,,,,,9194933,,,,,,,,,,,,,,,,,,,,,,,,,,,,,
WFS | Search | Central Coast | Exact,,,,,,,,,,9189180,,,,,,,,,,,,,,,,,,,,,,,,,,,,,
WFS | Search | Central Coast | Exact,,,,,,,,,,9189828,,,,,,,,,,,,,,,,,,,,,,,,,,,,,
WFS | Search | Central Coast | Exact,,,,,,,,,,9195123,,,,,,,,,,,,,,,,,,,,,,,,,,,,,
WFS | Search | Central Coast | Exact,,,,,,,,,,9189601,,,,,,,,,,,,,,,,,,,,,,,,,,,,,
WFS | Search | Central Coast | Exact,,,,,,,,,,9194030,,,,,,,,,,,,,,,,,,,,,,,,,,,,,
WFS | Search | Central Coast | Exact,,,,,,,,,,9190149,,,,,,,,,,,,,,,,,,,,,,,,,,,,,
WFS | Search | Central Coast | Exact,,,,,,,,,,9190035,,,,,,,,,,,,,,,,,,,,,,,,,,,,,
WFS | Search | Central Coast | Exact,,,,,,,,,,9194799,,,,,,,,,,,,,,,,,,,,,,,,,,,,,
WFS | Search | Central Coast | Exact,,,,,,,,,,9216560,,,,,,,,,,,,,,,,,,,,,,,,,,,,,
WFS | Search | Central Coast | Exact,,,,,,,,,,9191105,,,,,,,,,,,,,,,,,,,,,,,,,,,,,
WFS | Search | Central Coast | Exact,,,,,,,,,,9194974,,,,,,,,,,,,,,,,,,,,,,,,,,,,,
WFS | Search | Central Coast | Exact,,,,,,,,,,9191565,,,,,,,,,,,,,,,,,,,,,,,,,,,,,
WFS | Search | Central Coast | Exact,,,,,,,,,,9215341,,,,,,,,,,,,,,,,,,,,,,,,,,,,,
WFS | Search | Central Coast | Exact,,,,,,,,,,,Installation,Enabled,,,,,,,,,,,,,,,,,,,,,,,,,,,
WFS | Search | Central Coast | Exact,,,,,,,,,,,Installation,,water filter installation central coast,Exact,Enabled,,,,,,,,,,,,,,,,,,,,,,,,
WFS | Search | Central Coast | Exact,,,,,,,,,,,Installation,,water filter installer central coast,Exact,Enabled,,,,,,,,,,,,,,,,,,,,,,,,
WFS | Search | Central Coast | Exact,,,,,,,,,,,Installation,,water filter central coast,Exact,Enabled,,,,,,,,,,,,,,,,,,,,,,,,
WFS | Search | Central Coast | Exact,,,,,,,,,,,Installation,,water filters central coast,Exact,Enabled,,,,,,,,,,,,,,,,,,,,,,,,
WFS | Search | Central Coast | Exact,,,,,,,,,,,Installation,,water filtration central coast,Exact,Enabled,,,,,,,,,,,,,,,,,,,,,,,,
WFS | Search | Central Coast | Exact,,,,,,,,,,,Installation,,water filter plumber central coast,Exact,Enabled,,,,,,,,,,,,,,,,,,,,,,,,
WFS | Search | Central Coast | Exact,,,,,,,,,,,Installation,,water filter installation,Exact,Enabled,,,,,,,,,,,,,,,,,,,,,,,,
WFS | Search | Central Coast | Exact,,,,,,,,,,,Installation,,water filtration installation,Exact,Enabled,,,,,,,,,,,,,,,,,,,,,,,,
WFS | Search | Central Coast | Exact,,,,,,,,,,,Installation,,install water filter,Exact,Enabled,,,,,,,,,,,,,,,,,,,,,,,,
WFS | Search | Central Coast | Exact,,,,,,,,,,,Installation,,water filter installers,Exact,Enabled,,,,,,,,,,,,,,,,,,,,,,,,
WFS | Search | Central Coast | Exact,,,,,,,,,,,Installation,,water filter plumber,Exact,Enabled,,,,,,,,,,,,,,,,,,,,,,,,
WFS | Search | Central Coast | Exact,,,,,,,,,,,Installation,,,,Enabled,Responsive search ad,{KeyWord:Water Filters Central Coast},Water Filters Installed,Filters Fitted by a Plumber,Licensed Plumber Installs It,We Install. We Answer For It,Lifetime Labour Warranty,Leak-Tested Before We Leave,Isolation Valves Both Sides,"Installed Neat, Left Clean",Not a Kit. A Licensed Install,WaterMark Certified Parts,Pressure-Tested Joints,Book a Licensed Installer,Servicing Clearance Built In,Commissioned in One Visit,1,"{KeyWord:Water Filters Central Coast} by a NSW licensed plumber. Valves fitted, joints tested.","Lifetime warranty on our installation labour. If our workmanship fails, we come back.",Housings mounted where the sumps can actually be dropped at change time. Area left clean.,"Installed, pressure-tested and commissioned in one visit. Flow checked before we leave.",Installation,Central-Coast,https://install.waterfiltration.sydney/central-coast
WFS | Search | Central Coast | Exact,,,,,,,,,,,Installation,,,,Enabled,Responsive search ad,{KeyWord:Water Filters Central Coast},Water Filters Installed,Filters Fitted by a Plumber,Cartridge Costs Upfront,Know the Running Cost First,No Surprise at First Service,Fixed Installed Price,"Pressure Checked, Then Sized",Flow Checked Before We Leave,Sized to Your Home's Flow,We Say What It Won't Fix,Quote Lists Every Cartridge,Every Cartridge Priced,Change Intervals Explained,"We Measure, Then Specify",1,Your quote shows the fixed installed price and what each replacement cartridge costs.,We check incoming pressure and peak demand before we specify any whole-house system.,"{KeyWord:Water Filters Central Coast}: fixed price, every cartridge listed.","We tell you what a system is designed to reduce and what it is not, before you spend.",Installation,Central-Coast,https://install.waterfiltration.sydney/central-coast
WFS | Search | Central Coast | Exact,,,,,,,,,,,Installation,,,,Enabled,Responsive search ad,{KeyWord:Water Filters Central Coast},Water Filters Installed,Filters Fitted by a Plumber,Your Fixed Price Upfront,"No Pressure, No Obligation",Nothing Booked Till You Agree,"One Price, One Plumber",Compare Us Properly,Sometimes Under-Sink Is Enough,"Honest Advice, Fixed Price",Get a Free Quote,Talk to the Plumber Direct,"Plumber-Led Quote, Not a Pitch","Fixed Price, Cartridges Listed",Honest Advice on Your Water,1,"No obligation, no pressure. Nothing is booked until you have the price.","Fixed installed price with the running costs shown, so you can compare us fairly.","Mainly want better drinking water? Under-sink may be all you need, and we will say so.","{KeyWord:Water Filters Central Coast} quote from a licensed plumber. Fixed price, no obligation.",Installation,Central-Coast,https://install.waterfiltration.sydney/central-coast
WFS | Search | Central Coast | Exact,,,,,,,,,,,Systems & Service,Enabled,,,,,,,,,,,,,,,,,,,,,,,,,,,
WFS | Search | Central Coast | Exact,,,,,,,,,,,Systems & Service,,whole house water filter central coast,Exact,Enabled,,,,,,,,,,,,,,,,,,,,,,,,
WFS | Search | Central Coast | Exact,,,,,,,,,,,Systems & Service,,whole house water filtration central coast,Exact,Enabled,,,,,,,,,,,,,,,,,,,,,,,,
WFS | Search | Central Coast | Exact,,,,,,,,,,,Systems & Service,,under sink water filter central coast,Exact,Enabled,,,,,,,,,,,,,,,,,,,,,,,,
WFS | Search | Central Coast | Exact,,,,,,,,,,,Systems & Service,,reverse osmosis central coast,Exact,Enabled,,,,,,,,,,,,,,,,,,,,,,,,
WFS | Search | Central Coast | Exact,,,,,,,,,,,Systems & Service,,water filter service central coast,Exact,Enabled,,,,,,,,,,,,,,,,,,,,,,,,
WFS | Search | Central Coast | Exact,,,,,,,,,,,Systems & Service,,whole house water filter installation,Exact,Enabled,,,,,,,,,,,,,,,,,,,,,,,,
WFS | Search | Central Coast | Exact,,,,,,,,,,,Systems & Service,,under sink water filter installation,Exact,Enabled,,,,,,,,,,,,,,,,,,,,,,,,
WFS | Search | Central Coast | Exact,,,,,,,,,,,Systems & Service,,reverse osmosis installation,Exact,Enabled,,,,,,,,,,,,,,,,,,,,,,,,
WFS | Search | Central Coast | Exact,,,,,,,,,,,Systems & Service,,,,Enabled,Responsive search ad,{KeyWord:Filtration Central Coast},"Whole-House, Under-Sink & RO",Cartridges Replaced & Serviced,Licensed Plumber Installs It,We Install. We Answer For It,Lifetime Labour Warranty,Leak-Tested Before We Leave,Isolation Valves Both Sides,"Installed Neat, Left Clean",Not a Kit. A Licensed Install,WaterMark Certified Parts,Pressure-Tested Joints,Book a Licensed Installer,Servicing Clearance Built In,Commissioned in One Visit,1,"{KeyWord:Filtration Central Coast} by a NSW licensed plumber. Valves fitted, joints tested.","Lifetime warranty on our installation labour. If our workmanship fails, we come back.",Housings mounted where the sumps can actually be dropped at change time. Area left clean.,"Installed, pressure-tested and commissioned in one visit. Flow checked before we leave.",Installation,Central-Coast,https://install.waterfiltration.sydney/central-coast
WFS | Search | Central Coast | Exact,,,,,,,,,,,Systems & Service,,,,Enabled,Responsive search ad,{KeyWord:Filtration Central Coast},"Whole-House, Under-Sink & RO",Cartridges Replaced & Serviced,Cartridge Costs Upfront,Know the Running Cost First,No Surprise at First Service,Fixed Installed Price,"Pressure Checked, Then Sized",Flow Checked Before We Leave,Sized to Your Home's Flow,We Say What It Won't Fix,Quote Lists Every Cartridge,Every Cartridge Priced,Change Intervals Explained,"We Measure, Then Specify",1,Your quote shows the fixed installed price and what each replacement cartridge costs.,We check incoming pressure and peak demand before we specify any whole-house system.,"{KeyWord:Filtration Central Coast}: fixed price, every cartridge listed.","We tell you what a system is designed to reduce and what it is not, before you spend.",Installation,Central-Coast,https://install.waterfiltration.sydney/central-coast
WFS | Search | Central Coast | Exact,,,,,,,,,,,Systems & Service,,,,Enabled,Responsive search ad,{KeyWord:Filtration Central Coast},"Whole-House, Under-Sink & RO",Cartridges Replaced & Serviced,Your Fixed Price Upfront,"No Pressure, No Obligation",Nothing Booked Till You Agree,"One Price, One Plumber",Compare Us Properly,Sometimes Under-Sink Is Enough,"Honest Advice, Fixed Price",Get a Free Quote,Talk to the Plumber Direct,"Plumber-Led Quote, Not a Pitch","Fixed Price, Cartridges Listed",Honest Advice on Your Water,1,"No obligation, no pressure. Nothing is booked until you have the price.","Fixed installed price with the running costs shown, so you can compare us fairly.","Mainly want better drinking water? Under-sink may be all you need, and we will say so.","{KeyWord:Filtration Central Coast} quote from a licensed plumber. Fixed price, no obligation.",Installation,Central-Coast,https://install.waterfiltration.sydney/central-coast
WFS | Search | Canberra | Exact,Search,Google search,10.00,Daily,Maximize clicks,13.00,Paused,en,(Monday[08:00-20:00]);(Tuesday[08:00-20:00]);(Wednesday[08:00-20:00]);(Thursday[08:00-20:00]);(Friday[08:00-20:00]);(Saturday[08:00-20:00]);(Sunday[08:00-20:00]),,,,,,,,,,,,,,,,,,,,,,,,,,,,,,
WFS | Search | Canberra | Exact,,,,,,,,,,20034,,,,,,,,,,,,,,,,,,,,,,,,,,,,,
WFS | Search | Canberra | Exact,,,,,,,,,,,Installation,Enabled,,,,,,,,,,,,,,,,,,,,,,,,,,,
WFS | Search | Canberra | Exact,,,,,,,,,,,Installation,,water filter installation canberra,Exact,Enabled,,,,,,,,,,,,,,,,,,,,,,,,
WFS | Search | Canberra | Exact,,,,,,,,,,,Installation,,water filter installer canberra,Exact,Enabled,,,,,,,,,,,,,,,,,,,,,,,,
WFS | Search | Canberra | Exact,,,,,,,,,,,Installation,,water filter canberra,Exact,Enabled,,,,,,,,,,,,,,,,,,,,,,,,
WFS | Search | Canberra | Exact,,,,,,,,,,,Installation,,water filters canberra,Exact,Enabled,,,,,,,,,,,,,,,,,,,,,,,,
WFS | Search | Canberra | Exact,,,,,,,,,,,Installation,,water filtration canberra,Exact,Enabled,,,,,,,,,,,,,,,,,,,,,,,,
WFS | Search | Canberra | Exact,,,,,,,,,,,Installation,,water filter plumber canberra,Exact,Enabled,,,,,,,,,,,,,,,,,,,,,,,,
WFS | Search | Canberra | Exact,,,,,,,,,,,Installation,,water filter installation,Exact,Enabled,,,,,,,,,,,,,,,,,,,,,,,,
WFS | Search | Canberra | Exact,,,,,,,,,,,Installation,,water filtration installation,Exact,Enabled,,,,,,,,,,,,,,,,,,,,,,,,
WFS | Search | Canberra | Exact,,,,,,,,,,,Installation,,install water filter,Exact,Enabled,,,,,,,,,,,,,,,,,,,,,,,,
WFS | Search | Canberra | Exact,,,,,,,,,,,Installation,,water filter installers,Exact,Enabled,,,,,,,,,,,,,,,,,,,,,,,,
WFS | Search | Canberra | Exact,,,,,,,,,,,Installation,,water filter plumber,Exact,Enabled,,,,,,,,,,,,,,,,,,,,,,,,
WFS | Search | Canberra | Exact,,,,,,,,,,,Installation,,,,Enabled,Responsive search ad,{KeyWord:Water Filters Canberra},Water Filters Installed,Filters Fitted by a Plumber,Licensed Plumber Installs It,We Install. We Answer For It,Lifetime Labour Warranty,Leak-Tested Before We Leave,Isolation Valves Both Sides,"Installed Neat, Left Clean",Not a Kit. A Licensed Install,WaterMark Certified Parts,Pressure-Tested Joints,Book a Licensed Installer,Servicing Clearance Built In,Commissioned in One Visit,1,"{KeyWord:Water Filters Canberra} by a licensed plumber. Valves fitted, joints tested.","Lifetime warranty on our installation labour. If our workmanship fails, we come back.",Housings mounted where the sumps can actually be dropped at change time. Area left clean.,"Installed, pressure-tested and commissioned in one visit. Flow checked before we leave.",Installation,Canberra,https://install.waterfiltration.sydney/canberra
WFS | Search | Canberra | Exact,,,,,,,,,,,Installation,,,,Enabled,Responsive search ad,{KeyWord:Water Filters Canberra},Water Filters Installed,Filters Fitted by a Plumber,Cartridge Costs Upfront,Know the Running Cost First,No Surprise at First Service,Fixed Installed Price,"Pressure Checked, Then Sized",Flow Checked Before We Leave,Sized to Your Home's Flow,We Say What It Won't Fix,Quote Lists Every Cartridge,Every Cartridge Priced,Change Intervals Explained,"We Measure, Then Specify",1,Your quote shows the fixed installed price and what each replacement cartridge costs.,We check incoming pressure and peak demand before we specify any whole-house system.,"{KeyWord:Water Filters Canberra}: fixed price, every cartridge listed.","We tell you what a system is designed to reduce and what it is not, before you spend.",Installation,Canberra,https://install.waterfiltration.sydney/canberra
WFS | Search | Canberra | Exact,,,,,,,,,,,Installation,,,,Enabled,Responsive search ad,{KeyWord:Water Filters Canberra},Water Filters Installed,Filters Fitted by a Plumber,Your Fixed Price Upfront,"No Pressure, No Obligation",Nothing Booked Till You Agree,"One Price, One Plumber",Compare Us Properly,Sometimes Under-Sink Is Enough,"Honest Advice, Fixed Price",Get a Free Quote,Talk to the Plumber Direct,"Plumber-Led Quote, Not a Pitch","Fixed Price, Cartridges Listed",Honest Advice on Your Water,1,"No obligation, no pressure. Nothing is booked until you have the price.","Fixed installed price with the running costs shown, so you can compare us fairly.","Mainly want better drinking water? Under-sink may be all you need, and we will say so.","{KeyWord:Water Filters Canberra} quote from a licensed plumber. Fixed price, no obligation.",Installation,Canberra,https://install.waterfiltration.sydney/canberra
WFS | Search | Canberra | Exact,,,,,,,,,,,Systems & Service,Enabled,,,,,,,,,,,,,,,,,,,,,,,,,,,
WFS | Search | Canberra | Exact,,,,,,,,,,,Systems & Service,,whole house water filter canberra,Exact,Enabled,,,,,,,,,,,,,,,,,,,,,,,,
WFS | Search | Canberra | Exact,,,,,,,,,,,Systems & Service,,whole house water filtration canberra,Exact,Enabled,,,,,,,,,,,,,,,,,,,,,,,,
WFS | Search | Canberra | Exact,,,,,,,,,,,Systems & Service,,under sink water filter canberra,Exact,Enabled,,,,,,,,,,,,,,,,,,,,,,,,
WFS | Search | Canberra | Exact,,,,,,,,,,,Systems & Service,,reverse osmosis canberra,Exact,Enabled,,,,,,,,,,,,,,,,,,,,,,,,
WFS | Search | Canberra | Exact,,,,,,,,,,,Systems & Service,,water filter service canberra,Exact,Enabled,,,,,,,,,,,,,,,,,,,,,,,,
WFS | Search | Canberra | Exact,,,,,,,,,,,Systems & Service,,whole house water filter installation,Exact,Enabled,,,,,,,,,,,,,,,,,,,,,,,,
WFS | Search | Canberra | Exact,,,,,,,,,,,Systems & Service,,under sink water filter installation,Exact,Enabled,,,,,,,,,,,,,,,,,,,,,,,,
WFS | Search | Canberra | Exact,,,,,,,,,,,Systems & Service,,reverse osmosis installation,Exact,Enabled,,,,,,,,,,,,,,,,,,,,,,,,
WFS | Search | Canberra | Exact,,,,,,,,,,,Systems & Service,,,,Enabled,Responsive search ad,{KeyWord:Filtration Canberra},"Whole-House, Under-Sink & RO",Cartridges Replaced & Serviced,Licensed Plumber Installs It,We Install. We Answer For It,Lifetime Labour Warranty,Leak-Tested Before We Leave,Isolation Valves Both Sides,"Installed Neat, Left Clean",Not a Kit. A Licensed Install,WaterMark Certified Parts,Pressure-Tested Joints,Book a Licensed Installer,Servicing Clearance Built In,Commissioned in One Visit,1,"{KeyWord:Filtration Canberra} by a licensed plumber. Valves fitted, joints tested.","Lifetime warranty on our installation labour. If our workmanship fails, we come back.",Housings mounted where the sumps can actually be dropped at change time. Area left clean.,"Installed, pressure-tested and commissioned in one visit. Flow checked before we leave.",Installation,Canberra,https://install.waterfiltration.sydney/canberra
WFS | Search | Canberra | Exact,,,,,,,,,,,Systems & Service,,,,Enabled,Responsive search ad,{KeyWord:Filtration Canberra},"Whole-House, Under-Sink & RO",Cartridges Replaced & Serviced,Cartridge Costs Upfront,Know the Running Cost First,No Surprise at First Service,Fixed Installed Price,"Pressure Checked, Then Sized",Flow Checked Before We Leave,Sized to Your Home's Flow,We Say What It Won't Fix,Quote Lists Every Cartridge,Every Cartridge Priced,Change Intervals Explained,"We Measure, Then Specify",1,Your quote shows the fixed installed price and what each replacement cartridge costs.,We check incoming pressure and peak demand before we specify any whole-house system.,"{KeyWord:Filtration Canberra}: fixed price, every cartridge listed.","We tell you what a system is designed to reduce and what it is not, before you spend.",Installation,Canberra,https://install.waterfiltration.sydney/canberra
WFS | Search | Canberra | Exact,,,,,,,,,,,Systems & Service,,,,Enabled,Responsive search ad,{KeyWord:Filtration Canberra},"Whole-House, Under-Sink & RO",Cartridges Replaced & Serviced,Your Fixed Price Upfront,"No Pressure, No Obligation",Nothing Booked Till You Agree,"One Price, One Plumber",Compare Us Properly,Sometimes Under-Sink Is Enough,"Honest Advice, Fixed Price",Get a Free Quote,Talk to the Plumber Direct,"Plumber-Led Quote, Not a Pitch","Fixed Price, Cartridges Listed",Honest Advice on Your Water,1,"No obligation, no pressure. Nothing is booked until you have the price.","Fixed installed price with the running costs shown, so you can compare us fairly.","Mainly want better drinking water? Under-sink may be all you need, and we will say so.","{KeyWord:Filtration Canberra} quote from a licensed plumber. Fixed price, no obligation.",Installation,Canberra,https://install.waterfiltration.sydney/canberra
